date,NoDur,Durbl,Manuf,Enrgy,HiTec,Telcm,Shops,Hlth ,Utils,Mkt_RF,SMB,HML,RMW,CMA,RF,UMD,other
1973m01,-4.75,-6.7,-3.7,5.03,1.96,-2.12,-4.09,-1.19,-4.28,-3.29,-2.81,2.68,0.42,0.9,0.44,3.73,1.143103978
1973m02,-4.36,-5.85,-2.29,-7.35,-3,-4.62,-6.45,-0.71,-1.97,-4.85,-3.91,1.6,-0.26,0.02,0.41,2.16,0.31416204
1973m03,-1.06,-2.82,-0.22,3.05,-1.2,0.54,-5.64,0.78,-2.15,-1.3,-2.33,2.62,-1.07,0.62,0.46,3.59,0.719901409
1973m04,-6.19,-5.19,-4.4,-0.98,-6.65,0.88,-8.5,-5.49,-0.6,-5.68,-2.9,5.41,-1.58,2.6,0.52,6.36,0.636914469
1973m05,-2.12,-4.19,-1.14,-3.53,-2.6,-0.82,-2.21,1.07,0.36,-2.94,-6.17,0.41,1.95,-1.57,0.51,7.14,0.727165072
1973m06,-3.43,-2.53,-0.35,1.63,-0.05,-0.32,-5.75,0,-2.49,-1.57,-2.48,1.2,-0.21,0.11,0.51,4.3,0.160385043
1973m07,7.44,7.27,6.64,0.3,4.95,-0.32,11.16,6.87,-2.39,5.05,7.26,-5.31,-0.05,-3.28,0.64,-11.57,0.876449101
1973m08,-3.33,-3.95,-1.47,-3.79,-3.69,-3.91,-4.16,-6.89,-2.1,-3.82,-1.84,1.24,-1.31,1.3,0.7,3.46,0.647245517
1973m09,5.9,7.81,4.56,9.21,-2.84,7.65,7.2,0.78,7.9,4.75,3.6,2.01,-2.33,1.77,0.68,-7,0.090654721
1973m10,-2.25,-4.34,0.44,5.17,3.91,-5.54,-3.66,1.83,-3.39,-0.83,-0.38,1.94,-1.9,2.71,0.65,6.87,0.537050487
1973m11,-14.31,-16.1,-14.25,-6.19,-11.43,-1.9,-18.92,-7.75,-11.6,-12.75,-7.28,3.87,-2.63,1.73,0.56,8.66,0.602118286
1973m12,-1.55,-3.76,1.28,8.67,-4.32,4.55,-0.22,-4.47,3.42,0.61,-4.69,3.85,-2.78,2.48,0.64,10.38,0.11617289
1974m01,2.43,6.09,0.41,-7.46,1.24,2,6.71,-2.56,4.55,-0.17,10.41,6.02,-3.07,4.42,0.63,-8.85,0.686671791
1974m02,0.07,-1.08,0.01,-1.55,-0.6,4.75,0.8,-1.23,0.29,-0.47,0.06,2.81,-1.87,2.63,0.58,0.32,0.973043275
1974m03,-1.89,-0.09,-0.76,-3.24,-2.71,-4.59,-3.12,1.22,-3.64,-2.81,2.65,-0.32,2.8,0.44,0.56,-1.05,0.044040679
1974m04,-3.69,-4.09,-2.04,-6.31,-3.63,-5.31,-1.97,-1.48,-12.19,-5.29,-0.7,0.85,2.87,2.09,0.75,2.11,0.880066175
1974m05,-2.88,0.42,-2.53,-7.47,-4.2,-1.52,1.21,-0.11,-4.9,-4.68,-3.07,-2.02,4.95,-0.42,0.75,-0.39,0.230106039
1974m06,-0.56,-2.63,-0.41,-0.3,-2.94,0.3,-2.72,-1.61,-6.18,-2.83,0,0.77,0.57,2.94,0.6,2.31,0.90528534
1974m07,-10.15,-11.86,-7.16,-0.52,-8.22,-7.63,-12.81,-14.15,0.77,-8.05,1.92,5.16,-3.25,4.6,0.7,3.11,0.357988043
1974m08,-10.16,-6.62,-10.13,-8.56,-4.9,-0.01,-13.05,-8.04,-8.62,-9.35,0.26,2.64,-0.28,2.59,0.6,3,0.155676078
1974m09,-12.18,-12.92,-12.85,-7.95,-16.9,-3.8,-12.28,-15.56,-1.31,-11.77,1.48,5.58,-4.44,5.91,0.81,4.24,0.941316859
1974m10,15.66,4.48,16.04,20.78,14.72,10.85,10.01,29.58,13.01,16.1,-6.82,-9.87,-0.21,-2.86,0.51,-0.54,0.447898093
1974m11,-3.85,-4.69,-5.92,-4.24,-4.94,-3.09,-5.74,-1.22,-0.13,-4.51,-1.48,-0.2,-3.37,2.92,0.54,2.13,0.462443976
1974m12,-0.56,-4.08,-4.45,0.83,-5.25,1.57,-3.36,-3.32,-0.81,-3.45,-4.35,0.11,-0.68,3.25,0.7,2.92,0.652252595
1975m01,18.71,21.5,14.51,6.77,15.3,11.09,25.92,-0.74,18.8,13.66,12.91,8.28,-0.78,-0.9,0.58,-13.82,0.168353046
1975m02,4.04,4.93,8,2.26,13.14,5.16,5.16,16.04,0.9,5.56,-0.65,-4.44,1.16,-2.1,0.43,-0.61,0.511704774
1975m03,7.14,6.62,5.06,-2.32,0.99,-0.86,10.76,1.29,-1.32,2.66,4,2.38,1.26,-1.33,0.41,-2.04,0.695369706
1975m04,3.01,4.12,9.56,7.25,5.57,-0.96,2.59,0.65,-1.61,4.23,-0.71,-1.14,1.41,-1.34,0.44,1.38,0.94795401
1975m05,5.22,2.57,2.78,12.35,5.92,3.52,4,6.52,8.52,5.19,2.89,-4.1,-0.98,-0.6,0.44,-0.58,0.505768715
1975m06,5.25,10.23,3.56,6.25,2.29,4.04,7.45,0.95,10.71,4.83,1.43,1.38,-2.66,1.06,0.41,0.04,0.145667649
1975m07,-5.38,-2.03,-5.91,-4.24,-9.42,-4.21,-7.46,-12.03,-4.78,-6.59,3.44,1.69,0.46,1.22,0.48,0.42,0.926172114
1975m08,-3.14,-3.47,-0.8,-0.89,-2.97,-3.56,-0.39,-3.32,-1.24,-2.85,-2.84,-0.95,1.11,-0.93,0.48,-0.1,0.912241977
1975m09,-2.44,-2.46,-5.8,-1.16,-0.85,-1.26,-3.49,-6.53,-0.99,-4.26,0.05,0.39,0.53,0.55,0.53,0.41,0.58088084
1975m10,10.59,8.82,5.67,-1.33,8.4,6.82,9.92,10.68,6.58,5.31,-4.23,0.28,-0.49,2.26,0.56,-0.16,0.959444245
1975m11,4.09,3.35,3.01,-1.64,5.03,4.26,4.66,5.13,3.15,2.64,-1.09,2.03,-0.68,1.75,0.41,-0.45,0.456298711
1975m12,-1.51,-0.44,-1.32,0.09,-1.25,-0.11,-3.04,-6.36,1.34,-1.6,-0.05,1.69,-0.09,0.57,0.48,-0.11,0.352840963
1976m01,10.92,15.62,16.85,8.46,18.26,9.49,8.98,7.73,8.3,12.16,6.34,8.63,-1.79,2.28,0.47,4.45,0.565082518
1976m02,-1.07,3.88,1.73,-3.11,1.16,3.57,4.68,-6.53,-3.52,0.32,7.99,5.87,-2.64,3.87,0.34,0.38,0.232367962
1976m03,0.73,3.53,1.14,7.22,2.93,0.58,3.46,6.53,1.44,2.32,-1.38,-0.12,-0.33,0.96,0.4,0.15,0.022645757
1976m04,-1.67,1.84,-1.42,2.15,-3.41,1.72,-4.67,-4.3,0.63,-1.49,0.08,-0.16,0.4,-1.1,0.42,0.59,0.945005001
1976m05,-2.15,-3.11,-1.23,5.51,0.49,-2.94,-5.77,-2.81,-1.46,-1.34,-1.1,-1.36,2.46,-1.41,0.37,-1.12,0.46541986
1976m06,3.62,4.22,3.7,5.09,8.2,3.58,1.52,3.67,4.25,4.05,-1.07,0.71,-0.68,1.02,0.43,-0.42,0.762467759
1976m07,1.48,-1.06,-1.85,-0.62,-2.2,1.25,-2.33,-0.38,2.82,-1.07,0.63,1.73,-1.05,0.28,0.47,-0.13,0.383955184
1976m08,-0.31,-1.44,-1.68,-0.86,-0.83,4.74,2.89,2.17,2.96,-0.56,-1.98,0.81,-0.42,-0.55,0.42,-0.85,0.475722689
1976m09,1.55,4.49,1.08,5.91,2.9,1.59,0.43,3.62,4.08,2.07,0.1,-0.29,0.98,-1.15,0.44,0.22,0.716815217
1976m10,-1.62,-1.15,-3.27,-2.42,-4.5,1.29,-0.89,-3.74,-0.81,-2.42,0.13,-0.18,-0.19,-0.37,0.41,-0.44,0.243315603
1976m11,1.74,-0.71,-0.38,0.82,1.64,3.14,4.84,-9.71,3.14,0.36,2.66,1.51,-1.41,0.09,0.4,2.91,0.959760794
1976m12,5.22,9.67,5.85,6.33,3.85,3.44,2.33,6.26,6.49,5.65,3.64,2.27,-0.61,2.28,0.4,0.73,0.774545424
1977m01,-4.09,-4.2,-6.01,0.29,-3.87,0.11,-7.15,-8.84,0.84,-4.05,5.9,4.27,-0.51,1.97,0.36,4,0.13899102
1977m02,-1.39,-3.49,-0.63,-3.01,-0.63,0.99,-1.83,-0.21,-3.4,-1.94,1.07,0.47,-0.16,-0.22,0.35,0.36,0.801556113
1977m03,-1.39,-3.34,-0.34,-2.08,-0.03,-1.03,-2.76,-1.79,0.19,-1.37,1.31,1.09,-0.3,-0.06,0.38,0.55,0.364716975
1977m04,0.53,3.16,0.58,2.53,-3.46,0.66,-3.43,-5.21,1.94,0.15,0.61,3.38,-2.01,1.14,0.38,4.21,0.530722815
1977m05,-0.94,-0.49,-2.96,-0.41,-1.49,1.44,-2.76,-1.88,1.68,-1.45,1.31,0.85,0.33,0.19,0.37,2.03,0.623033744
1977m06,4.53,4.29,3.4,6.09,7.77,1.93,6.06,9.03,5.7,4.71,2.08,-0.74,0.91,-1.2,0.4,1.66,0.843706647
1977m07,1.22,-2.44,-3.62,-1.8,-0.16,-0.86,-0.18,-2.24,0.87,-1.69,1.88,-0.56,0.73,0.09,0.42,0.32,0.940873242
1977m08,0.11,-0.85,-1.26,-5.77,0.5,-2.26,4.62,3.83,-3.23,-1.75,0.86,-2.7,0.98,-0.66,0.44,-1.7,0.926525058
1977m09,0.25,1.55,-0.98,0.73,-1.78,3.48,-0.71,-0.89,2.01,-0.27,1.43,-0.52,1.43,-0.84,0.43,2,0.53440114
1977m10,-3.35,-4.46,-4.58,-3.55,-3.22,-5.05,-3.17,-1.75,-3.14,-4.38,1.48,1.75,-0.2,-0.3,0.49,-0.08,0.399270657
1977m11,4.59,1.95,4.33,3.45,5.25,2.18,5.58,6.08,4.28,4,3.64,0.26,-0.13,0.73,0.5,2.01,0.139163938
1977m12,0,-0.75,0.73,1.89,2.39,2.15,-1.25,0.62,-0.33,0.27,1.59,-0.29,0.92,-0.69,0.49,1.58,0.343493986
1978m01,-5.3,-6.86,-6.05,-6.93,-4.75,-4.16,-6.84,-1.92,-4.53,-6.01,2.72,3.36,-1.72,1.52,0.49,-0.66,0.636927784
1978m02,0.12,0.39,-2.62,-1.08,-3.45,4.13,-0.43,-3,-0.41,-1.38,3.7,0.83,0.3,1.01,0.46,1.97,0.286592964
1978m03,4.17,6.09,3.9,2.06,-0.61,2.62,2.86,4.17,2.47,2.85,3.71,1.18,-0.59,1.89,0.53,1.37,0.828076034
1978m04,6.92,9.62,11.46,6.71,13.3,2.93,10.84,9.25,0.18,7.88,-0.26,-3.54,2.81,-1.26,0.54,0.86,0.751925408
1978m05,4.22,0.2,4.12,0.89,1.67,-0.39,1.25,5.17,0.71,1.76,4.58,-0.52,0.22,0.41,0.51,2.83,0.752341837
1978m06,-0.26,-2.81,-1.47,-3.74,-0.35,-1.53,-1.97,1.14,0.84,-1.69,1.56,0.57,-1.4,-0.07,0.54,2.74,0.82648173
1978m07,3.53,4.71,7.84,3.34,8.58,1.42,5.14,8.86,2.83,5.11,0.12,-1.15,1.55,-0.78,0.56,4.17,0.588541739
1978m08,4.14,2.98,3.94,5.09,6.01,3.55,5.71,0.99,0.46,3.75,4.95,-0.51,1.43,0.46,0.56,2.83,0.155524393
1978m09,-0.38,-0.5,-2.1,4.77,-4.15,1.22,-2.66,-2.75,-0.24,-1.43,-0.32,1.89,-0.67,1.78,0.62,-3.14,0.10584423
1978m10,-11.58,-11.17,-11.33,-10.61,-10.83,-4.47,-14.14,-12.84,-7.07,-11.91,-10.02,1.38,0.12,0.94,0.68,-8.46,0.681049007
1978m11,2.14,0.73,2.86,6.17,5.09,2.99,2.59,5.19,3,2.71,2.81,-2.15,1.13,-1.17,0.7,5.45,0.489601814
1978m12,1.7,-0.61,1.44,2.81,6.42,0.09,-0.6,3.41,-1.23,0.88,1.13,-2.13,2.01,-1.32,0.78,3.03,0.194290541
1979m01,4.2,5.08,6.53,3.12,4.3,3.66,5.75,1.42,6.36,4.23,3.78,2.19,-2.47,1.52,0.77,-1.36,0.966351199
1979m02,-3.51,-3.59,-4.49,0.63,-3.32,-0.63,-4.42,-4.52,-1.63,-3.56,0.54,1.17,-1.12,0.94,0.73,-1.06,0.041793112
1979m03,4.13,6.61,7.35,9.36,7.61,0.16,6.15,5.04,2.33,5.68,3.24,-0.71,0.53,0.32,0.81,2.93,0.70349247
1979m04,0.2,2.95,-0.46,4.33,0.32,-2.15,0.87,0.43,-2.74,-0.06,2.37,1.12,1.08,0.17,0.8,0.81,0.124978172
1979m05,-1.77,-0.71,-2.29,-2.43,-1.96,0.1,-2.43,-2.64,1.43,-2.21,0.18,1.31,-1.54,-0.27,0.82,-0.54,0.095954321
1979m06,3.31,3.01,3.5,9.26,0.5,1.92,2.86,4.83,4.97,3.85,1,1.44,-1.66,-0.52,0.81,0.84,0.413378031
1979m07,2.03,2.06,2.03,1.58,-1.51,-0.11,1.18,0.15,2.08,0.82,1.27,1.86,-0.29,0.71,0.77,-1.07,0.712393357
1979m08,7.55,4.7,7.72,7.89,5.93,1.53,8.89,8.56,2.04,5.53,1.92,-1.58,1.62,-1.48,0.77,-0.2,0.079158122
1979m09,-1.87,0.42,-0.72,5.92,-1.75,-2.39,-0.76,-0.55,-2.17,-0.82,-0.32,-0.9,1.01,0.32,0.83,5.28,0.831790818
1979m10,-7.66,-9.4,-8.84,-2.55,-7.73,-5.05,-8.9,-4.34,-5.8,-8.1,-3.5,-1.84,1.01,0.07,0.87,2.01,0.801916143
1979m11,5.14,-2.2,4.73,8.9,8.16,4.02,3.84,8.77,7.74,5.21,2.53,-3.29,0.06,-2.12,0.99,8.14,0.772501032
1979m12,3.38,3.37,4.46,2.48,1.8,-1.53,3.07,2.08,-0.99,1.79,4.32,-2.1,-0.7,-0.92,0.95,4.78,0.307371176
1980m01,3.12,9.09,7.07,14.22,7.36,-2.06,1.31,-1.29,1.56,5.51,1.83,1.75,-1.7,1.64,0.8,7.55,0.847541468
1980m02,-4.85,-6.3,-2.5,12.94,-3.55,-1.48,-4.85,-4.63,-3.39,-1.22,-1.57,0.61,0.04,2.68,0.89,7.88,0.17279098
1980m03,-8.13,-8.79,-11.76,-17.89,-12.66,-2.62,-8.64,-2.82,-6.59,-12.9,-6.93,-1.01,1.46,-1.19,1.21,-9.55,0.485539446
1980m04,6.49,-1.77,3.21,6.86,0.72,7.32,3.36,4.29,12,3.97,1.05,1.06,-2.1,0.29,1.26,-0.43,0.426585803
1980m05,7.94,4.33,6.23,4.09,4.82,5,10.73,6.96,4.59,5.26,2.11,0.38,0.34,-0.31,0.81,-1.12,0.447152492
1980m06,2.99,2.79,2.34,5.83,3.03,-0.58,2.41,0.22,4.54,3.06,1.41,-0.76,-0.15,-1.26,0.61,1.62,0.763648864
1980m07,7.76,11.74,10.84,2.01,15.48,1,10.83,8.88,-0.1,6.49,3.82,-6.41,4.06,-2.43,0.53,0.39,0.031950428
1980m08,1.43,1.49,1.58,3.66,3.66,6.3,1.86,0.27,-1.17,1.8,4.25,-2.6,2.06,-0.86,0.64,3.21,0.745903002
1980m09,0.27,0.98,2.85,6.52,1.99,-1.61,1.28,3.62,0.15,2.19,0.67,-4.59,1.91,-2.76,0.75,5.39,0.502394736
1980m10,0.29,-1.72,0.43,7.74,1.97,-3.25,-1.15,-1.24,1.94,1.06,2.33,-2.76,1.65,-1.15,0.95,7.3,0.876175633
1980m11,0.91,4.92,8.4,24.29,9.84,0,2.6,8.86,7.38,9.59,-3.31,-8.33,4.5,-5.66,0.96,15.22,0.112555549
1980m12,1.01,-1.09,-2.07,-10.59,-1.17,0.83,-1.37,4.59,-1.95,-4.52,-0.29,2.79,-1.29,1.24,1.31,-6.68,0.024121983
1981m01,2.01,-2.24,-1.96,-10.15,-8.09,5.54,0.47,-1.61,-2.57,-5.04,3.29,6.72,-3.51,4.33,1.04,-7.95,0.626922352
1981m02,2.48,6.44,4.36,-0.44,0.47,2.15,2.7,1.85,-1.27,0.57,-0.5,1.02,0.21,2.22,1.07,-1.35,0.820533564
1981m03,6.92,6.99,5.97,-2.26,4.99,1.17,12.72,5.9,2.98,3.56,3.02,0.64,-2.24,-0.54,1.21,0.74,0.932246214
1981m04,1.16,1.88,-0.94,-7.54,0.17,6.21,3.1,3.03,-2.68,-2.11,4.59,2.28,0.83,1.24,1.08,-0.91,0.752915819
1981m05,2.66,2.86,-0.37,-3.87,4.23,7.14,2.82,3.44,1.82,0.11,2.45,-0.42,0.3,-1.53,1.15,3.7,0.277700106
1981m06,-0.21,-4.28,-1.31,4.7,-6.72,-1.92,-1.42,-5.58,3.44,-2.36,-0.96,5.13,-1.37,2.66,1.35,-5.81,0.952896584
1981m07,-0.64,-2.91,-2.87,7.93,-3.79,0.37,-3.4,-3.9,2.8,-1.54,-2.05,-0.5,1.26,-2.54,1.24,-2.45,0.865819969
1981m08,-5.07,-7.9,-6.89,-6.28,-7.3,-0.81,-5.6,-7.73,-0.83,-7.04,-1.81,4.76,-0.32,1.41,1.28,-1.15,0.336200932
1981m09,-2.18,-2.97,-7.15,-12.28,-3.9,2.84,-3.64,-1.28,-5.53,-7.17,-2.45,5.17,0.08,2.63,1.24,1.95,0.419547317
1981m10,7.41,-4.15,3.68,9.92,5.21,6.02,6.77,7.95,4.88,4.92,2.37,-4.21,3.15,-3.01,1.21,4.01,0.220663096
1981m11,2.65,4.85,4.52,6.9,1.5,2.7,1.07,3.92,5.92,3.36,-1.51,1.83,0.08,0.95,1.07,-0.27,0.297133808
1981m12,-1.81,0.48,-1.66,-6.54,-0.03,-1.45,-1.94,-0.73,-2.33,-3.65,1.2,0.81,0.22,2.5,0.87,1.3,0.216292232
1982m01,-0.92,1.17,-3.31,-8.46,2.73,0.68,0.12,1.43,-0.67,-3.24,-1.14,3.19,-1.49,1.92,0.8,1.72,0.240861652
1982m02,-1.97,-2.04,-5.62,-11.09,-5.3,-5.68,-1.36,-1.8,-0.36,-5.86,0.35,6.05,-3.48,4.56,0.92,4.88,0.569434809
1982m03,2.45,3.49,-1.78,-3.65,-3.59,2.05,4.22,-2.55,1.66,-1.87,-0.05,3.81,-1.38,2.49,0.98,2.96,0.06916488
1982m04,6.67,4.44,3.24,4.34,7.44,-0.18,5.41,7.39,3.84,3.27,1.09,-2.7,1.57,-0.01,1.13,-0.4,0.626534773
1982m05,-3.26,-1.93,-4.71,2.31,-5.41,-1.02,-2.72,-3.03,-0.52,-3.99,0.64,1.75,0.87,-0.3,1.06,2.5,0.673582292
1982m06,1.67,2.65,-2.58,-6.25,-2.38,-2.45,2.67,-0.75,-2.21,-3.09,-0.52,1.53,0.01,2.72,0.96,4.96,0.69522332
1982m07,-0.46,-0.33,-2.32,-7.91,1.52,1.2,0.21,0.79,-2.57,-3.19,0.95,0.09,1.04,1.55,1.05,4.45,0.486242203
1982m08,9.17,13.74,13.97,9.69,12.79,10.84,12.58,12.37,12,11.14,-4.35,0.95,-1.89,0.09,0.76,-3.52,0.925379136
1982m09,5.25,-0.73,-1.08,1.77,1.17,0.99,4.75,1.36,1.06,1.29,2.61,0.28,2.14,-0.04,0.51,4.19,0.786902546
1982m10,10.58,16.55,13.06,5.58,16.98,8.12,16.87,8.2,4.73,11.3,1.92,-3.66,0.29,-0.34,0.59,0.18,0.686930436
1982m11,5.17,8.24,5.79,-4.4,10.68,5.95,11.18,5.2,0.16,4.67,4.43,-1.87,-0.97,0.27,0.63,5.95,0.290972168
1982m12,0.97,3.03,0.73,5.54,2.65,-1.23,-2.09,0.58,4.32,0.55,-0.04,-0.02,-0.01,1.02,0.67,0.04,0.924428346
1983m01,-1.01,5.17,5.02,3.62,8.38,12.44,1.29,1.42,3.67,3.6,3.35,-0.75,-1.55,-0.58,0.69,-1.73,0.955911763
1983m02,3.8,3.63,4.1,-0.59,3.59,-0.36,7.9,2.84,1.59,2.59,2.92,0.7,-0.52,1.05,0.62,3.77,0.517406983
1983m03,7.47,-1.14,2.1,5.97,0.67,0.64,8.51,4.52,0.27,2.82,1.37,2.02,-0.17,2.74,0.63,0.92,0.280855764
1983m04,6.19,10.88,6.33,9.38,7.49,5.14,8.57,5.05,4.76,6.67,0.48,0.49,-0.11,1.42,0.71,1.72,0.078373071
1983m05,-0.95,-2.07,1.99,1.35,2.82,-1.31,0.48,-2.73,2.6,0.52,6.3,-1.4,-1.84,-1.51,0.69,-1.56,0.609201552
1983m06,3,10.41,1.59,6.41,6.13,0.17,6.11,6.91,-0.54,3.07,1.18,-3.9,2.6,-0.87,0.67,1.8,0.258405486
1983m07,-2.65,-3.9,-2.58,-2.26,-5.36,-5.17,-3.27,-5.68,1.03,-4.07,1.01,5.62,-0.14,2.81,0.74,-3.13,0.994230559
1983m08,0.71,-2.38,0.62,6.83,-1.1,2.2,-4.73,-1.01,1.52,-0.5,-4.32,5.54,0.51,1.9,0.76,-5.65,0.951945906
1983m09,4.66,4.39,2.26,-4.63,2.15,2.26,2.18,1.3,4.66,0.91,0.3,1.01,1.24,0.5,0.76,-0.03,0.10326251
1983m10,-0.21,0.04,-2.29,-2.05,-6.94,-5.2,-1.76,-2.18,3.07,-3.44,-3.77,4.97,-0.77,2.96,0.76,-4.52,0.885324643
1983m11,2.3,4.23,6.46,-0.43,2.34,3.17,4.46,-3.01,-1.61,2.16,1.87,-0.72,-0.67,0.66,0.7,-0.13,0.020896678
1983m12,-0.48,0.92,-1.12,2.1,0.36,-1.54,-4.71,-3.58,-3.69,-1.78,-0.45,1.73,1.64,1.27,0.73,0.84,0.651873077
1984m01,-0.7,-5.38,-3.5,10.11,-6.2,4.09,-5.88,-0.62,1.45,-1.92,-0.04,7.58,-0.89,2.92,0.76,-2.56,0.525343841
1984m02,-5.72,-6.09,-6.6,3.87,-5.93,-3.68,-4.45,-2.02,-3.33,-4.82,-1.59,3.33,0.9,1.58,0.71,0.22,0.444114084
1984m03,1.62,0.35,3.29,0.26,1.79,-4.24,1.21,-0.67,-0.29,0.63,-0.29,0.46,-0.96,1.17,0.73,1.07,0.797857835
1984m04,0.57,1.32,-0.13,3.98,-0.43,2.18,0.31,2.32,-0.48,-0.51,-0.95,1.2,3.34,0.76,0.81,2.07,0.78783412
1984m05,-2.41,-5.77,-5.78,-5.04,-5.56,-3.5,-5.16,-6.45,-0.8,-5.97,0.13,0.31,2.36,-0.46,0.78,1.51,0.968787245
1984m06,6.33,2.11,3.19,-2.18,1.76,12.28,7.42,3.86,0.45,1.82,0.11,-2.66,3.17,-1.56,0.75,-0.7,0.556362323
1984m07,-1.61,2.53,-1.47,-7.46,-2.45,2.81,0.12,-3.76,-0.01,-2.74,-2.22,0.36,3.55,-2.15,0.82,2.85,0.10089536
1984m08,8.71,10.01,11.89,13.97,13.95,6.72,9.87,10.43,7.76,10.28,-0.26,-1.82,-0.68,-0.92,0.83,-5.59,0.862690373
1984m09,1.26,-0.2,-2.55,2.24,-3.99,2.9,0.09,-4.42,4.82,-0.8,-0.03,5.28,1.37,2.41,0.86,3.62,0.710321714
1984m10,1.38,2.15,0.57,-4.47,-0.5,-0.81,-0.74,1.65,3.34,-0.84,-1.44,0.45,1.18,-1.09,1,3.16,0.333043868
1984m11,0.38,-3.02,-1.34,-1.02,-3.83,-0.24,-2.92,-0.08,3.06,-1.76,-1.02,4.06,0.72,2.06,0.73,1.64,0.932537918
1984m12,2.5,4.61,2.15,-0.54,2.54,5.1,0.77,2.74,2.63,1.84,-0.65,-0.26,1.31,-1.36,0.64,1.49,0.16783059
1985m01,4.9,9.84,8.47,6.54,12.6,5.85,13.19,8.31,2.39,7.99,3.51,-5.35,-0.89,-3.41,0.65,-6.82,0.810777848
1985m02,5.08,-1.57,1.34,3.87,-1.33,2.69,2.1,3.59,1.38,1.22,1.04,-0.1,1.29,1.06,0.58,1.88,0.748289723
1985m03,4.63,-5.26,-2.78,1.45,-6.02,5.47,-0.61,3.07,6.1,-0.84,-1.39,4.07,1.23,2.88,0.62,1.58,0.861144612
1985m04,-2.12,-3.45,-1.49,3.81,-3.64,0.9,0.09,-1.76,1.61,-0.96,-0.1,3.72,1.55,0.71,0.72,3.04,0.334650099
1985m05,8,5.93,6.09,0.75,2.83,6.63,9.62,9.45,5.45,5.09,-2.31,-0.96,1.33,-1.49,0.66,3.99,0.153738096
1985m06,2.76,1.5,1.5,-0.76,-0.71,4.09,1.61,2.29,3.63,1.27,0.35,0.38,1.76,-0.77,0.55,3.57,0.494263982
1985m07,-2.62,2.39,3.41,-0.59,4.41,-4.55,-3.98,-0.47,-4.7,-0.74,2.87,-1.62,-0.42,-0.38,0.62,-3.91,0.992759727
1985m08,0.74,-2.64,-1.14,1.55,-2.54,0.54,-0.61,-0.82,1.91,-1.02,-0.29,2.32,-0.1,1.83,0.55,1.85,0.688695938
1985m09,-0.64,-3.28,-3.98,-1.3,-4.73,-4.18,-4.34,-3.92,-5.35,-4.54,-1.8,1.29,1.14,1.64,0.6,1.51,0.307479774
1985m10,3.6,0.85,3.28,5.95,3.02,4.08,6.86,3.18,6.32,4.02,-1.5,0.75,0.89,-1.06,0.65,4.88,0.690724328
1985m11,8.56,9.94,7.94,0.34,8.64,7.42,7.99,9.74,4.24,6.48,0.02,-2.85,0.33,-2.32,0.61,-0.47,0.37422187
1985m12,5.45,7.18,4.51,-2.75,8.27,6.15,4.55,3.52,4.85,3.88,-0.41,-1.54,0.99,-1.8,0.65,-0.23,0.391313108
1986m01,1.79,2.15,1.61,-6.76,-0.29,-3.97,1.64,1.06,3.78,0.65,1.01,0.44,-2,-2.03,0.56,3,0.312395367
1986m02,10.82,10.9,10.22,0.8,4.97,7.4,7.81,6.13,6.57,7.13,-0.71,-0.72,1.06,-1.2,0.53,2.76,0.267078718
1986m03,8.11,7.86,6.02,0.95,-0.08,3.85,8.57,12.05,3.96,4.88,-0.66,-0.39,1.21,0.92,0.6,2.41,0.661087468
1986m04,0.42,-3.51,-1.74,0.76,3.93,2.44,0.4,0.7,-3.97,-1.31,2.84,-2.87,2.91,0.03,0.52,-0.37,0.99170823
1986m05,8.88,3.15,4.4,7.33,0.95,4.85,9.85,7.29,3.63,4.62,-1.29,-0.21,2.13,1.08,0.49,2.05,0.547745424
1986m06,6.3,-1.29,-0.03,-2.05,-3.98,5.38,3.84,5.64,5.04,1.03,-0.89,1.28,1.8,0.87,0.52,5.07,0.353917759
1986m07,-5.74,-9.09,-7.51,-5.11,-8.34,-3,-9.54,-5.35,5.15,-6.45,-3.46,4.7,-0.54,0.84,0.52,1.83,0.777589839
1986m08,2.58,7.49,6.45,16.64,6.99,6.83,1.67,4,7.9,6.07,-4.35,3.51,-1.66,3.21,0.46,-5.28,0.03840843
1986m09,-10.84,-8.15,-6.54,-0.88,-7.09,-9.42,-8.44,-12.59,-9.09,-8.6,2.05,3.22,-0.08,3.71,0.45,-5.79,0.730035807
1986m10,8.9,6.47,6.54,1.91,0.58,4.63,7.36,7.99,5.25,4.66,-2.33,-1.42,-0.05,1,0.46,4.46,0.538248198
1986m11,0.72,4.85,2.49,3.23,3.55,3.98,1.76,1.35,0.55,1.17,-1.88,-0.07,1.09,0.67,0.39,-0.26,0.716098421
1986m12,-3.22,-2.22,-1.97,-0.45,-3.67,-3.7,-6.25,-1.23,-3.29,-3.27,0.12,0.36,0.79,0.09,0.49,0.35,0.666084227
1987m01,14.56,18.71,14.45,14.16,16.53,5.3,11.8,13.16,9.3,12.47,-1.54,-3.16,0.17,-1,0.42,2.2,0.842998266
1987m02,5.61,3.46,4.82,-1.72,9.43,0.03,9.8,11.26,-2.14,4.39,3.4,-5.91,-0.76,-2.66,0.43,-2.07,0.953807915
1987m03,1.14,4.65,3.48,11.82,2.62,1.4,1.7,0.15,-1.67,1.64,0.28,1.61,1.36,4.14,0.47,1.68,0.60560533
1987m04,-3.68,4.04,-1.62,0.12,4.39,-2.45,-2.7,-2.45,-4.33,-2.11,-1.54,-0.39,-0.49,1.05,0.44,0.22,0.437100968
1987m05,2.64,-1.49,0.34,3.06,0.3,3.34,-0.06,1.25,-1.84,0.11,-0.56,0.23,0.51,1.14,0.38,-0.74,0.487875657
1987m06,6.78,2.88,5.18,6,-0.03,7.04,6.26,4.78,3.4,3.94,-2.21,1.04,1.7,0.84,0.48,-0.25,0.832885028
1987m07,5.73,6.98,7.1,3.19,1,5.84,5.74,5.78,-1.67,3.85,-1.14,0.68,-0.61,1.61,0.46,2.72,0.604557066
1987m08,3.68,5.69,2.85,1.92,7.45,5.15,3.34,2.21,3.7,3.52,-0.94,-0.93,2.04,-1.61,0.47,-0.86,0.482730218
1987m09,-2.82,-3.97,0.29,-3.86,-2.69,3.3,-6.38,-2.57,-2.31,-2.59,0.38,0.27,-0.97,1.87,0.45,0.77,0.111119319
1987m10,-21.02,-26.92,-27.34,-18.45,-25.92,-12.26,-28.07,-20.45,-6.92,-23.24,-8.07,4.24,2.04,2.34,0.6,-7.86,0.331014846
1987m11,-8.03,-8.51,-5.17,-10.56,-9.83,-8.89,-8.46,-9.3,-2.51,-7.77,2.85,2.95,-1.88,0.68,0.35,-1.17,0.120370247
1987m12,7.57,8.6,10.86,6.76,11.93,3.92,8.54,5.36,0.55,6.81,0.06,-4.43,2.96,-2.42,0.39,5.87,0.591399793
1988m01,3.02,4.43,0.28,8.42,-2.49,9.98,5.61,6.37,9.77,4.21,-0.51,5.01,-1.14,2.13,0.29,-7.24,0.099008021
1988m02,6.04,6.28,7.73,3.58,7.45,1.24,10.26,4.19,-1.42,4.75,3.32,-1.71,1.56,-0.01,0.46,-1.47,0.294257223
1988m03,-1.53,-4.2,-1.34,2.62,-4.68,-3.97,-1.13,-2.56,-3.18,-2.27,6.25,0.73,-0.25,1.8,0.44,0.58,0.30603028
1988m04,-0.15,2.93,1.61,4.62,2.62,0.72,1.6,-2,-0.29,0.56,1.16,1.67,-0.2,1.92,0.46,2.24,0.236007834
1988m05,-0.29,1.24,-0.42,-0.42,-1.33,2.34,-1.41,-0.25,3.58,-0.29,-2.56,2.42,-0.74,0.33,0.51,0.63,0.361212061
1988m06,3.4,8.27,7.59,-2.08,9.45,2.89,6.56,2.67,3.22,4.79,2.16,-1.24,1.47,-3.37,0.49,-2.93,0.933015792
1988m07,1.67,-0.84,-2.34,3.59,-5.11,0.16,-0.83,0.55,-0.22,-1.25,-0.21,2.22,-0.58,1.52,0.51,0.66,0.788746528
1988m08,-0.15,-6.66,-4.43,-1.48,-8.2,-2.9,-2.61,-1.06,-0.12,-3.31,-0.03,2.15,-0.82,1.76,0.59,0.35,0.720011831
1988m09,6.54,3.91,3.43,-2.48,2.84,7.06,8.29,3.8,2.67,3.3,-1.36,-0.75,1.76,-0.61,0.62,0.27,0.603571116
1988m10,8.07,3.35,0.74,1.89,-0.02,2.96,1.6,1.2,2.52,1.15,-2.95,2.05,1.3,1.03,0.61,1.33,0.407752136
1988m11,-1.16,-0.96,-2.17,-0.3,-3.15,0.05,-2.77,-2.15,-0.48,-2.29,-1.65,1.41,-0.28,1.62,0.57,0.33,0.104136163
1988m12,3.52,0.3,3.13,1.84,4.88,1.25,1.58,1.81,1.04,1.49,2.01,-1.69,0.69,-0.38,0.63,0.49,0.160041244
1989m01,5.65,7.6,7.5,6.26,7.12,8.34,6.27,6.79,2.74,6.1,-2.31,0.6,-0.95,0.14,0.55,-0.16,0.617907977
1989m02,-1.44,-2.96,-2.1,-1.29,-3.76,-1.37,-1.85,-1.16,-1.82,-2.25,2.71,1.01,-0.87,1.81,0.61,0.99,0.138065533
1989m03,5.52,-1.35,1.19,3.89,-5.5,5.21,2.76,4.93,0.54,1.57,0.68,0.58,0.05,0.72,0.67,3.51,0.692442137
1989m04,5.67,0.49,5.38,2.49,5.17,9.68,5.54,5.42,3.94,4.33,-0.78,-1.42,0.71,-0.57,0.67,1.77,0.185888845
1989m05,5.32,2.31,3.62,2.67,2.47,5.88,5.34,3.41,5.37,3.35,-0.01,-0.88,0.49,-0.08,0.79,1.52,0.200615975
1989m06,1.5,1.3,-2.68,-1.01,-3.29,0.19,-2.16,-2.75,3.38,-1.35,-1.09,2.25,0.27,1.56,0.71,0.43,0.725850043
1989m07,11.97,5.23,7.62,3.78,2.96,9.09,9.16,13.9,5.8,7.2,-4.15,-2.79,1.98,-0.58,0.7,5.41,0.313457956
1989m08,-1.97,5.17,4.38,3.52,2.52,0.8,2.58,0.39,-0.8,1.44,0.48,0.6,0.39,-0.58,0.74,-0.12,0.123942885
1989m09,-0.58,-4.5,-2.59,1.35,-2.68,4.03,-2.33,2.42,0.48,-0.76,0.49,-1.27,1.4,0.5,0.65,3.4,0.095218881
1989m10,-2.45,-5.71,-4.38,0.75,-4.43,-1.96,-4.04,0.38,1,-3.67,-3.3,-1.11,0.11,-0.04,0.68,1.32,0.100135518
1989m11,1.68,-1.09,3.07,3.98,-1.79,2.11,1.25,4.57,3.23,1.03,-1.29,-1.09,-0.86,1.41,0.69,2.6,0.597700105
1989m12,1.38,-1.45,2.98,6.01,-1.12,5.84,1.18,1.04,4.79,1.16,-2.27,0.16,-0.07,1.42,0.61,2.8,0.295563956
1990m01,-9.47,-3.87,-6.34,-4.29,-1.29,-13.03,-6.38,-7.31,-5.34,-7.85,-1.31,0.85,-1.17,1.35,0.57,-3.27,0.325430839
1990m02,-0.54,5.04,2.55,3.11,4.11,-0.26,1.91,-2.08,0.21,1.11,1.17,0.64,-0.03,-0.66,0.57,-0.55,0.775911205
1990m03,4.64,2.88,3.9,-0.57,4.46,4.25,5.13,3.84,-0.75,1.83,1.62,-2.92,2.04,-1.02,0.64,1.8,0.102914447
1990m04,-0.18,-4.06,-2.76,-3.56,-2.02,-3.27,-2.06,0.3,-5.5,-3.36,-0.33,-2.59,1.78,-0.98,0.69,2.39,0.330721013
1990m05,9.07,7.72,8.08,6.02,12.58,9.2,11.58,12.8,5.43,8.42,-2.35,-3.83,1.57,-1.68,0.68,3.03,0.294594396
1990m06,2.08,-2.19,-0.59,-2.04,-1.17,-4.73,1.54,4.42,0.75,-1.09,1.35,-1.93,-1.03,-0.39,0.63,2.4,0.372838463
1990m07,-0.81,-3.43,0.17,8.28,-7.35,-4.41,-4.11,2.58,0.89,-1.9,-3.16,-0.03,-0.18,3.21,0.68,6.1,0.398796592
1990m08,-7.36,-14.27,-12.06,-1.28,-12,-10.43,-12.07,-6.78,-6.62,-10.15,-3.87,1.64,-0.35,2.96,0.66,1.88,0.654199127
1990m09,-4.07,-10.57,-8,-1.61,-6.64,1.81,-8.73,-4.37,0.48,-6.12,-3.74,0.64,0.06,3.67,0.6,5.78,0.12337189
1990m10,2.5,-3.25,-1.84,-4.02,-3.4,3.01,-3.04,1.41,7.23,-1.92,-5.12,0.1,2.97,-0.3,0.68,6.71,0.646306955
1990m11,6.56,4.13,7.38,1.63,11.27,2.11,10.42,9.49,2.29,6.35,0.07,-3.1,0.65,-4.74,0.57,-5.48,0.252473263
1990m12,4.39,-0.42,4.88,-2.02,4.12,1.5,3.36,2.79,0.78,2.46,0.67,-1.7,2.73,-1.89,0.6,0.29,0.024855008
1991m01,5.12,7.32,6.37,-2.05,15.02,0.02,9.3,4.55,-1.37,4.69,3.91,-1.6,1.28,-3.99,0.52,-6.45,0.723393738
1991m02,10.3,10.24,5.87,8.55,6.61,3.25,8.33,9.9,4.84,7.19,3.94,-0.58,-0.2,-0.33,0.48,-4.61,0.296558437
1991m03,4.8,1.18,1.37,1.3,1.3,2.14,8.61,5.44,1.71,2.65,3.83,-1.39,-0.53,-1.06,0.44,2.87,0.910884765
1991m04,-1,-2.29,0.54,2.46,-2.88,1.13,1.99,-1.14,-0.04,-0.28,0.31,1.5,0.62,0.74,0.53,-2.36,0.945091104
1991m05,3.6,14.75,7.55,-1.4,3.52,-1.47,7.72,4.7,0.15,3.65,0.14,-0.52,2,-2.43,0.47,-0.11,0.018991577
1991m06,-4.94,-4.47,-4.27,-3.64,-8.78,-1.5,-4.29,-4.21,-2.37,-4.94,0.24,1.15,1.79,0.65,0.42,0.47,0.759918463
1991m07,5.76,-0.44,3.12,5.03,4.66,3.11,5.31,8.51,3.99,4.24,-0.96,-1.32,1.6,-1.36,0.49,4.32,0.991550743
1991m08,5.47,-2.16,1.86,1.62,2.84,0.67,3.6,2.94,3.51,2.32,1.4,-0.78,0.84,-0.34,0.46,1.57,0.770999602
1991m09,-3.24,-2.66,-2.33,-0.68,-1.34,0.37,-3.18,-0.33,3.71,-1.59,1.56,-1.08,-1.82,0.08,0.46,1.79,0.937319205
1991m10,-0.55,-2.01,1.46,2.05,2,1.9,-1.95,6.53,1.25,1.29,0.91,-0.47,-1.7,-0.23,0.42,3.06,0.526292456
1991m11,-0.42,-7.99,-5.55,-7.69,-4.39,-4.75,-1.17,-2.52,1.89,-4.19,-0.83,-1.89,1.11,0.01,0.39,1.14,0.071613527
1991m12,14.73,7.61,11.57,2.11,9.16,9.92,13.03,16.61,4.99,10.84,-2.4,-4.17,3.55,-3.12,0.38,8.19,0.393775046
1992m01,-3.1,10.5,2.32,-4.12,6.7,-2.87,0.27,-5.45,-4.57,-0.59,9.18,4.71,-1.32,3.2,0.34,-2.49,0.332739736
1992m02,1.05,12.32,2.19,-0.53,3.86,-1.45,2.63,-2.73,-1.24,1.09,1.33,6.47,0.08,2.19,0.28,-0.53,0.463719702
1992m03,-1.51,0.8,-1.16,-2.75,-5.18,-0.83,-1.38,-5.53,-0.53,-2.66,-0.93,3.56,-0.01,1.95,0.34,-0.29,0.659846188
1992m04,0.75,7.92,3.04,9.45,-1.03,7.04,-3.5,-2.3,2.69,1.07,-5.7,4.34,1.69,2.23,0.32,-2.58,0.42059444
1992m05,1.31,-1.92,-0.62,3.18,0.02,-2.46,0.24,1.11,2.54,0.3,0.21,1.19,-0.95,0.48,0.28,0.21,0.418732695
1992m06,-2.8,2.18,-3.25,-3.5,-4.16,1.32,-1.89,-4.78,0.54,-2.34,-2.73,3.24,-0.05,1.01,0.32,-0.58,0.778780904
1992m07,4.67,0.28,2.93,5.31,2.96,5.44,3.79,5.8,6.72,3.77,-0.62,-0.56,1.3,-0.91,0.31,1.56,0.549205957
1992m08,0.87,-9.6,-3.52,2.59,-4.52,-0.97,-0.54,-3.36,-0.47,-2.38,-0.42,-1.1,3.72,-1.65,0.26,-0.51,0.004441845
1992m09,1.06,0.09,1.79,0.13,3.4,1.91,4.1,-4.98,0.83,1.19,0.48,-0.26,1.64,-0.59,0.26,1.49,0.127490442
1992m10,-0.82,-0.01,0.94,-3.47,2.12,-0.54,4.38,3.34,-0.43,1.02,2.07,-1.98,1.24,-0.79,0.23,2.48,0.33238516
1992m11,3.62,8.56,3.93,-2.69,6.37,3.88,7.09,4.84,-0.23,4.13,3.94,-1.35,-0.68,-1.59,0.23,-0.15,0.262599547
1992m12,0.05,3.36,1.4,1.92,0.01,5.65,0.65,-1.35,2.7,1.53,1.68,2.62,-0.48,0.84,0.28,4.31,0.552912144
1993m01,-0.8,9.59,0.13,2.77,4.86,1.33,0.07,-6.86,2.45,0.93,1.93,5.94,-1.84,2.91,0.23,4.83,0.28655334
1993m02,-2.14,-0.29,1.73,5.99,-0.33,5.71,-1.47,-9,6.22,0.12,-3.45,6.42,-0.42,4.13,0.22,3.14,0.045458206
1993m03,0,5.4,2.18,4.11,2.23,3.27,2.77,0.73,1.76,2.3,0.09,1.18,-0.15,0.9,0.25,3.73,0.191163563
1993m04,-9.32,2.43,0.04,1.14,-3.75,-2.87,-8.14,1.29,-0.15,-3.05,-0.85,2.49,-3.61,1.38,0.24,0.38,0.244399825
1993m05,2.67,1.08,2.34,1.77,8.81,4.16,5.92,3.59,-0.04,2.89,1.9,-3.42,-0.12,-1.04,0.22,0.22,0.414964148
1993m06,-0.69,3.45,-0.26,-1.16,-0.41,4.64,-2.86,-2.96,3.18,0.31,0.13,2.75,-0.92,1.21,0.25,4.55,0.496193961
1993m07,-2.36,1.51,-0.09,0.48,-3.87,2.14,0.73,-5.99,1.94,-0.34,0.95,2.85,-1.87,2.06,0.24,3.16,0.980350646
1993m08,4.29,0.46,3.46,4.23,6.45,5.24,3.93,3.02,3.69,3.71,0.1,0.13,-1.54,-0.04,0.25,2.65,0.376397109
1993m09,-1.83,1.01,-1.89,1.36,1.32,-0.49,-0.35,0.86,-0.64,-0.12,2.98,-0.31,0.24,-0.16,0.26,3.37,0.948352307
1993m10,6.06,7.7,3.09,-1.95,1.62,2.41,4.77,5.92,-1.96,1.41,1.89,-2.76,0.57,0.6,0.22,-2.72,0.135010485
1993m11,0.68,0.68,1.33,-5.97,-0.05,-5.95,0.58,0.97,-5.52,-1.89,-1.27,-0.74,2.23,-0.94,0.25,-4.74,0.203162677
1993m12,1.47,4.44,3.75,0.61,2.97,-0.53,-1.86,2.33,1.61,1.65,1.4,0.32,1.16,-0.34,0.23,2.36,0.506520092
1994m01,-0.42,7.16,4.86,4.89,4.69,2.16,1.11,1.81,-1.21,2.87,-0.06,1.15,-1.66,1.43,0.25,0,0.687858455
1994m02,-1.27,-4.43,-0.66,-2.94,1.63,-5.5,1.88,-5.6,-4.97,-2.55,2.67,-1.54,2.14,-1,0.21,-0.3,0.435107027
1994m03,-4.02,-6.47,-4.44,-3.59,-3.91,-3.61,-4.85,-6.74,-3.92,-4.78,-1.04,1.6,0.69,1.28,0.27,-1.27,0.883262283
1994m04,1.23,-0.59,0.07,4.2,-1.6,1.57,0.23,2.27,2.13,0.68,-1.01,1.66,1.07,1.11,0.27,0.39,0.874656799
1994m05,-1.35,-2.65,2.03,0.92,2,1.63,-1.83,4.28,-5.35,0.58,-2.56,0.67,0.6,0.68,0.31,-2.19,0.388112341
1994m06,-1.89,-3.42,-2.6,-2.7,-5.24,0.62,-2.63,-3.43,-3.12,-3.03,-0.5,1.67,1.21,1.47,0.31,-0.87,0.640542063
1994m07,2.95,3.56,4.59,3.24,3.84,3.1,0.97,1.1,5.16,2.82,-1.85,0.58,-0.65,0.14,0.28,0.18,0.239106264
1994m08,6.08,-0.09,4.72,-0.1,9.3,1.08,4.47,10.85,0.66,4.01,1.37,-2.51,0.95,-1.47,0.37,1.55,0.647275551
1994m09,-0.33,-5.08,-1.67,-2.1,-0.42,-1.23,-2.34,1.72,-2.77,-2.31,2.8,-1.89,0.52,0.93,0.37,1.31,0.713113194
1994m10,2.19,-1.74,0.6,7.4,7.29,-0.12,1.31,0.88,1.57,1.34,-2.3,-1.62,0.23,-0.68,0.38,1.49,0.825586198
1994m11,-1.67,-5.06,-5.45,-4.85,-2.11,-5.44,-3.42,0.44,0.27,-4.04,0.07,-0.7,0.42,-0.5,0.37,-0.18,0.565294102
1994m12,1.33,3.88,4.01,-1.01,2.45,0.88,-2.77,0.57,0.35,0.86,0,-0.13,0.37,0.38,0.44,3.48,0.534227507
1995m01,1.81,-5.77,-0.4,0.37,-0.81,4.16,1.56,6.18,6.21,1.8,-3.06,2.57,0.17,-0.75,0.42,-1.81,0.68816071
1995m02,2.98,5.13,5.6,4.48,6.75,1.51,2.67,2.26,0.82,3.63,-0.54,1.08,0.59,-0.33,0.4,-0.39,0.702621619
1995m03,2.75,1.43,3.49,5.28,4.55,0.25,3.62,2.8,-1.75,2.19,-0.51,-2.15,-0.17,0.22,0.46,0.43,0.977638938
1995m04,1.9,1.45,2.94,2.24,8.26,1.62,-1.71,3,2.38,2.11,-0.22,1.71,0.41,0.9,0.44,1.79,0.409526094
1995m05,4.78,4.78,3.18,4.09,3.03,0.93,2.65,1.63,6.02,2.9,-2.19,2.29,0.39,0.04,0.54,-0.42,0.181690057
1995m06,1.68,0.75,2.11,-3.08,9.89,3.89,4.93,4.5,-0.45,2.72,3.06,-2.54,-0.33,-2.44,0.47,2.93,0.696980524
1995m07,1.16,2.64,3.57,2.3,7.9,5.04,3.58,5.52,-0.37,3.72,2.09,-1.62,0.3,-1.65,0.45,2.56,0.805696649
1995m08,0.65,0.76,-0.21,-1.58,-0.06,4.4,-2.72,1.04,0.99,0.55,1.75,2.79,-1.24,1.62,0.47,0.16,0.964094898
1995m09,6.74,-0.52,2.15,1.3,1.38,5.77,2.87,7.37,6.27,3.35,-1.88,-0.04,1.03,0.36,0.43,2.9,0.712963421
1995m10,0.56,-4.79,-2.64,-0.28,1.39,0.15,-5.49,1.04,1.48,-1.52,-4.04,-0.5,1.91,-0.05,0.47,4.16,0.76682547
1995m11,4.52,5.42,6.46,4.77,-0.65,2.8,6.16,4.99,1.58,3.96,-1.07,0.51,-0.62,1.12,0.42,-0.68,0.095086065
1995m12,1.52,3.16,1.42,5.81,-4.32,4.13,-0.83,5.92,5.09,1.03,0.72,0.22,-1.37,3.1,0.49,2.52,0.278525838
1996m01,2.62,3.51,3.29,-0.41,1.84,2.31,-0.3,6.02,1.86,2.26,-2.56,0.38,0.18,2.31,0.43,0.54,0.988854464
1996m02,3.22,2,0.94,1.04,6.45,-2.5,4.41,-1.1,-2.65,1.33,1.77,-1.08,0.24,-1.9,0.39,0.59,0.104041525
1996m03,-0.84,4.33,3.42,5.01,-3.41,-2.01,5.99,0.24,-0.51,0.73,1.61,0.35,1.42,-0.95,0.39,-1.84,0.891375723
1996m04,0.15,3.53,1.71,3.44,10.09,2.86,4.26,-0.61,-2.66,2.06,4.71,-4.02,-0.14,-2.11,0.46,-0.88,0.303120469
1996m05,6.55,2.24,2.3,0.45,3.95,-0.02,4.4,3.89,1.32,2.36,3.21,-0.83,0.12,-0.3,0.42,1.54,0.24410562
1996m06,3.18,-4.93,-0.44,0.97,-4.94,0.55,-1.71,-0.24,5.25,-1.14,-3.65,2.35,3.51,1.22,0.4,0.98,0.042385591
1996m07,-4.07,-4.5,-4,-4.64,-7.42,-8.49,-7.56,-6.28,-5.81,-5.97,-3.81,5.14,2.95,2.6,0.45,-0.16,0.688382402
1996m08,-0.8,3.07,3.25,2.94,4.39,-1.33,5.94,4.32,2.89,2.77,2.57,-0.74,-0.37,-2.42,0.41,0.01,0.77832454
1996m09,3.73,1.26,6.07,4.04,10.64,1.77,3.66,7.36,0.68,5.01,-1.39,-2.72,1.27,-2.22,0.44,2.7,0.683038815
1996m10,1.58,3.74,1.6,5.97,-1.92,-0.46,-2.24,-0.85,3.6,0.86,-3.77,4.94,1.4,3.25,0.42,3.79,0.430680633
1996m11,5.13,5.87,6.06,5.53,11.91,5.49,3.18,6.61,2.61,6.25,-3.8,1.39,2.12,-0.79,0.41,-2.37,0.436775048
1996m12,0.5,-2.41,-0.4,0.8,-2.7,2.9,-3.52,-2.59,0.13,-1.7,3.25,1.31,0.37,1.49,0.46,0.63,0.569261411
1997m01,5.74,2.84,4.19,4.38,9.35,2.33,0.15,9.54,0.92,4.99,-1.82,-1.42,1.19,-0.02,0.45,1.96,0.755186586
1997m02,4.13,0.56,0.7,-5.74,-7.4,2.57,3,0.93,-0.57,-0.49,-2.59,5.67,0.67,3.47,0.39,-2.13,0.476517653
1997m03,-5.23,-3.23,-3.65,5.27,-5.67,-7.85,-1.33,-7.48,-2.78,-5.03,-0.43,3.39,0.5,1.66,0.43,0.9,0.631963635
1997m04,5.31,3.9,5.4,0.05,7.65,2.57,2.27,6.11,-1.39,4.04,-5.7,0.07,3.26,-0.72,0.43,4.84,0.52239379
1997m05,5.93,6.27,7.82,7.32,10.19,6.56,5.95,6.99,3.79,6.74,4.75,-4.13,-1.02,-2.96,0.49,-5.17,0.961525981
1997m06,3.57,3.47,5.2,1.31,1.43,3.46,5.07,8.88,3.06,4.1,1.19,1.58,0.56,0.66,0.37,2.6,0.504461116
1997m07,3.34,7.42,7.21,7.45,15.98,2.46,7.82,2.1,2.81,7.33,-2.76,0.26,0.07,-2.58,0.43,3.77,0.530164919
1997m08,-6.39,1.28,-5.52,0.32,-1.37,-2.74,-2.55,-6.11,-1.16,-4.15,7.61,1.18,-1.11,-0.04,0.41,-2.56,0.265812624
1997m09,5.53,5.31,3.35,6.3,3.46,9.7,5.22,6.62,4.64,5.35,2.49,0.37,-1.63,-0.91,0.44,1.47,0.004553105
1997m10,-3.14,-3.28,-5.88,-2.01,-8.29,2.89,-2.12,0.1,0.93,-3.8,-0.52,2.27,1,1.94,0.42,-0.57,0.208262621
1997m11,6.5,-1.59,4.23,-3.57,1.45,10.69,5.43,2.82,7.14,2.98,-5.11,1.2,2.81,1.84,0.39,0.33,0.215051929
1997m12,3.77,3.97,-0.15,-1.45,-4.22,4.22,-0.25,3.53,7.94,1.32,-2.03,3.84,0.74,1.92,0.48,3.98,0.444744797
1998m01,-2.74,0.5,0.7,-5.75,5.28,5.04,0.9,5.68,-4.4,0.15,-1.36,-1.63,0.87,-0.73,0.43,0.14,0.063679618
1998m02,4.96,12.27,7.14,6.84,10.35,2.41,10.36,5.51,2.63,7.04,0.2,-0.85,-0.31,-2.54,0.39,-1.12,0.862535952
1998m03,5.9,6.15,4.83,4.78,1.32,10.11,6.54,3.57,6.75,4.76,-0.65,1.39,-0.26,-0.37,0.39,2.15,0.243873172
1998m04,-3.24,0.92,1.23,3.78,5.15,-3.2,-0.52,1.91,-2.52,0.73,0,0.94,-1.69,-0.36,0.43,0.74,0.446833495
1998m05,1.1,7.07,-2.46,-4.24,-7.01,-1.79,2.18,-2.5,-0.88,-3.07,-2.95,3.44,1.1,2.61,0.4,1.82,0.311490777
1998m06,4.18,1.67,-0.6,-1.36,8.74,3.02,4.97,6.17,2.81,3.18,-3.66,-1.96,-0.26,-2.97,0.41,7.28,0.788192023
1998m07,-4.14,-1.24,-5.69,-6.73,0.45,3.93,-2.96,-0.26,-5.4,-2.46,-5.27,-1.78,1.74,0.45,0.4,3.69,0.793644964
1998m08,-13.1,-18.79,-14.31,-10.41,-17.65,-11.8,-14.24,-12.35,1.96,-16.08,-5.17,3.53,3.37,5.91,0.43,1.84,0.99050256
1998m09,1.25,1.03,0.55,13.04,15.16,10.16,1.47,12.04,8.15,6.15,-0.78,-3.42,-1.88,-2.99,0.46,-0.81,0.18674378
1998m10,10.99,11.04,11.29,1.25,6.27,6.86,10.7,3.87,-1.78,7.13,-3.43,-2.23,0.93,0.31,0.32,-5.37,0.673159284
1998m11,6.42,5.32,3.61,0.42,11.67,3.61,9.49,6.19,1.34,6.1,0.75,-3.25,-0.86,-1.18,0.31,1.2,0.403987002
1998m12,0.33,3.89,2.36,-1.2,15.2,14.35,9.23,5,2.86,6.16,-1.56,-4.19,-0.76,-3.39,0.38,8.92,0.810043196
1999m01,-3.48,5.2,0.52,-5.57,15.1,8.95,2.24,0.22,-6.24,3.5,-0.75,-4.6,-2.77,-6.8,0.35,3.03,0.104468274
1999m02,-3.98,-4.61,-2.03,-3.17,-11.48,-2.89,-1.37,0.18,-3.62,-4.08,-5.22,1.92,-1.23,4.1,0.35,-0.1,0.182244474
1999m03,-2.02,-0.25,4.76,15.41,8.41,-0.96,2.69,2.52,-1.64,3.45,-4.23,-2.74,-4.07,-1.42,0.43,-1.27,0.336387762
1999m04,3.92,9.73,9.38,15.84,2.27,7.74,0.44,-5.53,7.35,4.33,4.52,2.46,-2.53,0.89,0.37,-9.04,0.853071565
1999m05,1.36,-4.61,-3.22,-3.1,-0.76,1.03,-3.07,-2.03,6.72,-2.46,3.71,2.35,0.93,3.34,0.34,-5.19,0.998143584
1999m06,0.27,0.93,4.49,-1.41,11.62,5.82,8.16,4.49,-4.48,4.77,2.29,-3.19,1.13,-3.21,0.4,5.06,0.180880673
1999m07,-2.45,-5.86,-1.2,1.73,-1.71,-1.89,-5.03,-4.43,-0.44,-3.49,2.57,-0.44,0.36,3.22,0.38,1.66,0.413589808
1999m08,-4.59,0.65,-0.53,1.82,5.5,-7.97,-5.94,3.71,0.55,-1.38,-1.73,-1.87,-0.24,0.64,0.39,3.12,0.218868861
1999m09,-6.83,-8.45,-3.1,-4.02,-0.17,4.08,1.34,-7.07,-4.33,-2.79,2.59,-3.49,-0.75,-1.23,0.39,6.47,0.229076604
1999m10,6.6,4.35,5.81,-1.49,3.01,8.77,3.18,10.77,2.21,6.12,-6.91,-3.37,-1.74,-1.19,0.39,5.5,0.175256709
1999m11,-1.1,-2.1,-1,3.82,12.71,4.43,4.17,1.51,-7.39,3.37,5.8,-6.12,-4.28,-1.74,0.36,5.64,0.72075571
1999m12,-2.63,2.67,10.33,0.84,20.77,2.93,6.68,-5.65,-2.28,7.72,5.39,-8.33,-7.6,-5.63,0.44,13.22,0.396174144
2000m01,-4.72,-1.27,-8.69,1.24,-5.25,-3.54,-11.11,7.59,6.03,-4.74,4.42,-1.88,-6.29,4.72,0.41,1.92,0.703387312
2000m02,-6.27,-8.27,-3.85,-5.41,18,-4.1,-3.93,-2.75,-7.16,2.45,18.28,-9.59,-18.65,-0.48,0.43,18.2,0.750589132
2000m03,7.42,10.62,7.49,11.69,4.19,7.67,13.34,0.16,5.94,5.2,-15.32,8.13,11.79,-1.59,0.47,-6.83,0.266160031
2000m04,-1.95,8.83,1.42,-1.99,-10.5,-7.62,-4.46,5.26,7.48,-6.4,-5.01,7.26,7.66,5.65,0.46,-8.39,0.070001599
2000m05,7.08,-12.51,-1.69,9.38,-10.76,-10.76,-2.84,3.96,3.97,-4.42,-3.81,4.75,4.13,1.37,0.5,-8.98,0.955613436
2000m06,2.2,-9.03,-1.23,-5.05,12.61,4.04,-2.23,11.55,-4.72,4.64,9.92,-8.42,-8.31,-2.95,0.4,16.6,0.434781404
2000m07,0.72,4.86,-1.48,-2.58,-5.18,-7.46,-1.23,-6.47,4.21,-2.51,-1.03,8.31,5.83,2.94,0.48,-0.05,0.954659869
2000m08,-2.08,5.36,7.38,8.74,12.68,-1.39,-2.39,3.46,11.76,7.03,-1.03,-1.39,-3.22,1.1,0.5,5.73,0.877755706
2000m09,3.71,-4.31,-5.69,4.51,-14.82,-3.35,2.66,3.71,9.16,-5.45,0.19,7.17,2.56,5.53,0.51,1.97,0.757555967
2000m10,7.74,2.47,3.51,-2.9,-7.48,-0.24,-1.83,2.08,-1.81,-2.76,-2.65,5.71,9.61,3.8,0.56,-4.48,0.676805488
2000m11,2.74,-11.53,-3.13,-2.53,-23.16,-15.46,-1.04,0.75,3.06,-10.72,-0.58,12.3,13.07,8.43,0.51,-2.32,0.766489561
2000m12,5.5,-0.18,6.95,7.69,-7.99,-4.57,5.66,3.51,6.6,1.19,3.26,7.61,1.71,4.79,0.5,6.74,0.128839436
2001m01,-2.2,13.4,-1.07,-3.37,16.03,14.38,6.43,-8.51,-10.77,3.13,5.48,-5.07,-4.69,-5.03,0.54,-25.3,0.878241286
2001m02,0.13,-1.16,-3.91,0.04,-26.05,-9.85,-5.36,-0.55,6.16,-10.05,2.83,12.47,9.1,9.07,0.38,12.57,0.384575532
2001m03,-4.78,-2.87,-6.1,-0.14,-13.86,-5.79,-2.88,-8.57,1.24,-7.26,2.33,6.42,3.35,3.92,0.42,8.55,0.806300451
2001m04,0.9,8.59,7.47,10.06,18.04,2.7,5.61,4.23,5.53,7.94,-0.86,-4.67,-3.06,-3.2,0.39,-7.9,0.712506363
2001m05,3.39,-1.62,2.19,0.09,-3.21,-1.38,1.61,2.81,0.24,0.72,3.6,3.36,0.25,1.91,0.32,2.21,0.802532889
2001m06,-1.53,3.73,-4.63,-7.52,1.4,-3.11,-2.59,-3.07,-6.05,-1.94,6.57,-1.12,1.6,-1.51,0.28,0.38,0.571880268
2001m07,-0.17,3.18,0.52,-2.23,-7.53,-0.56,4.58,2.31,-3.83,-2.13,-2.82,5.21,7.42,3.07,0.3,5.58,0.499888098
2001m08,2.47,-11.23,-1.99,-3.52,-12.65,-9.3,-6.98,-3.09,0.52,-6.46,2.71,2.31,4.05,6.57,0.31,5.53,0.063153508
2001m09,-2.98,-16.96,-12.8,-5.62,-18.98,-1.97,-9.52,-0.6,-6.58,-9.25,-5.73,1.45,4.99,3.21,0.28,11.48,0.933039978
2001m10,1.26,1,3.88,4.73,15.73,-9.67,1.57,1.24,1.87,2.46,5.27,-7.65,-2.98,-4.55,0.22,-8.47,0.573189365
2001m11,2.19,15.48,8.43,-4.07,15.89,5.8,9.82,5.03,-1.54,7.54,-0.31,2.21,-3.73,-1.61,0.17,-8.69,0.331562617
2001m12,1.92,-0.74,2.62,5.95,-0.64,2.54,4.33,-2.82,4.04,1.6,5.16,0.84,0.34,-0.26,0.15,0.07,0.109365052
2002m01,1.46,2.94,1.54,-2.88,-0.5,-6.94,2.62,-2.41,-4.34,-1.44,1.26,3.44,4.69,2.84,0.14,3.75,0.320535139
2002m02,4.27,3.16,4.42,5.46,-13.09,-2.21,-0.15,-0.46,-0.37,-2.29,-0.36,2.16,8.07,5.11,0.13,6.82,0.320544554
2002m03,4.03,6.86,4.97,7.67,6.47,0.12,2.09,0.54,10.28,4.24,4.25,1.06,-1.78,0.58,0.13,-1.64,0.837646889
2002m04,2.47,1.8,-1.44,-4.54,-11.77,-12.96,-1.63,-7.52,-0.41,-5.2,6.72,3.88,4.56,5.38,0.15,7.63,0.818914483
2002m05,1.25,-0.31,-0.28,-0.77,-3.74,3.2,-1.43,-2.27,-6.91,-1.38,-3.02,1.53,2.36,2.44,0.14,3.16,0.192480423
2002m06,-5.85,-8.1,-3.06,-0.06,-12.13,-14.02,-5.1,-9.68,-5.8,-7.21,3.89,-0.05,3.93,2.51,0.13,6.03,0.622245568
2002m07,-6.62,-12.18,-8.5,-11.83,-9.74,-11.79,-11.43,-2.57,-12.13,-8.18,-6.43,-3.85,3.79,-0.99,0.15,3.77,0.534023782
2002m08,2.24,0.57,-1.27,0.63,-0.94,0.14,1.85,0.63,3.41,0.5,-1.31,3.28,1.36,-1.47,0.14,1.9,0.76942538
2002m09,-7.67,-10.93,-8.35,-8.11,-16.6,-9.63,-9.43,-5.88,-10.84,-10.35,3.08,1.47,3.29,-2.19,0.14,9.13,0.422917812
2002m10,5.06,-3.09,3.79,3.18,19.4,22.11,5.74,5.67,-0.62,7.84,-4.31,-3.95,-3.39,0.76,0.14,-5.58,0.930602701
2002m11,-1.09,11.9,6.26,3.01,16.24,11.76,1.89,3.78,1.57,5.96,2.91,-1.23,-9.2,5.15,0.12,-16.33,0.535619577
2002m12,-0.25,-7.17,-3.77,0.84,-12.91,-9.44,-6.97,-4.07,3.84,-5.76,0.62,2.14,6.29,-1.68,0.11,9.64,0.818084487
2003m01,-3.94,-3.16,-4.09,-2.5,-1.5,-4,-4.77,-0.61,-3.27,-2.57,0.7,-0.83,-0.99,0.69,0.1,1.55,0.998540846
2003m02,-2.88,-4.99,-2.26,1.94,1.17,-6.61,-1.22,-1.96,-3.97,-1.88,-0.93,-1.39,0.83,-0.62,0.09,1.17,0.416572244
2003m03,-2.59,-2.63,1.31,1.5,-0.95,-0.66,4.65,3.79,4.31,1.09,0.65,-1.93,1.87,-0.77,0.1,1.48,0.951655716
2003m04,4.39,14.96,6.38,-0.47,9.18,11.5,8.99,4.39,7.31,8.22,1.02,1.14,-4.68,1.06,0.1,-9.33,0.543891586
2003m05,9.51,2.86,4.65,8.64,9.8,6.29,3.49,3.94,10.12,6.05,4.81,0.4,-7,2.91,0.09,-10.7,0.763666188
2003m06,1.64,2.84,0.5,-0.96,0.35,1.91,3.44,4.15,0.74,1.42,1.66,0.11,0.51,-0.38,0.1,-1,0.843333025
2003m07,-1.68,6.6,4.98,-2.62,5.62,-1.93,3.29,0.48,-5.15,2.35,4.54,-1.24,-4.14,1.78,0.07,-0.24,0.727746338
2003m08,0.3,7.85,4.13,6.18,6.07,1.16,6.74,-2.82,1.92,2.34,2.48,1.53,-2.25,2.14,0.07,-0.62,0.176417252
2003m09,1.13,-4.15,-3.75,-2.18,-0.91,-5.64,-4.54,0.29,3.85,-1.24,0.54,0.16,1.01,0.34,0.08,-0.19,0.861591715
2003m10,5.94,6.99,8.92,1.64,8.28,6.81,9.02,0.87,1.51,6.08,2.71,1.97,-1.35,1.55,0.07,3.99,0.463559818
2003m11,3.61,3.08,2.07,0.65,1.85,-0.68,0.54,1.83,0.95,1.35,2.33,1.78,0.19,1.81,0.07,1.46,0.680214607
2003m12,3.44,12.27,6.73,13.6,2.16,7.64,-2.13,5.65,5.85,4.29,-2.49,1.6,0.56,0.94,0.08,-5.57,0.0947039
2004m01,0.06,-1.18,-0.64,0.23,4.51,1.4,0.45,3.09,1.91,2.15,2.45,2.49,-3.66,3.38,0.07,2.58,0.056184979
2004m02,4.25,-0.08,1.97,4.53,-2.92,-0.49,6.09,0.9,2.11,1.4,-0.93,0.9,2.17,-1.21,0.06,-1.14,0.590532378
2004m03,-0.09,-1.19,-0.3,0.02,-2.51,-2.06,0.29,-3.92,1.14,-1.32,2.1,0.27,1.56,-0.98,0.09,0.17,0.670256742
2004m04,1.42,2.28,-0.14,2.66,-4.89,-0.48,-2.7,3.52,-3.56,-1.83,-2.01,-3.1,3.45,-2.84,0.08,-5.38,0.695067247
2004m05,-1.89,-1.65,1.64,0.58,4.82,-2.95,0.3,-0.41,1.25,1.17,-0.38,-0.25,-1.18,0.03,0.06,1.5,0.02767025
2004m06,1.66,5.02,5.33,5.44,2.67,0.82,0.04,-0.5,2.03,1.86,2.56,1.18,1.2,-0.39,0.08,2.05,0.76947287
2004m07,-5.98,-4.64,-4.05,3.32,-8.51,-1.02,-4.03,-5.92,1.06,-4.06,-2.95,3.24,5.32,-1.66,0.1,-2.29,0.623661355
2004m08,0.77,-2.23,1.34,-1.39,-4.51,1.17,-1.2,1.64,3.66,0.08,-1.13,0.97,1.23,-1.47,0.11,-1.59,0.310023727
2004m09,-2,2.3,1.92,8.84,3.47,1.41,2.61,-1.4,1.38,1.6,3.27,0,-1.49,-1.88,0.11,5.49,0.293060138
2004m10,2.83,-3,-1.43,0.64,5.15,3.46,3.06,-2.44,4.24,1.43,0.19,-0.22,-0.52,0.49,0.11,-1.38,0.45476574
2004m11,4.6,7.27,7.22,6.57,5.76,3.61,3.67,0.68,4.89,4.54,4.11,1.41,-0.58,-0.22,0.15,3.16,0.347673637
2004m12,4.79,4.88,2.51,-2.31,3.1,4.29,3.5,5.66,2.49,3.43,-0.05,-0.22,-1.16,0.46,0.16,-2.87,0.422702551
2005m01,0.21,-7.02,-1.76,3.03,-6.35,-4.21,-1.07,-4.08,1.76,-2.76,-1.17,2.06,2.74,-1.46,0.16,3.05,0.863659102
2005m02,0.72,-0.25,4.1,19.41,0.04,-0.3,0.83,2.44,2.36,1.89,-0.31,1.54,1.43,-0.05,0.16,3.37,0.081215646
2005m03,-0.85,-8,-1.43,-3.44,-2.53,-0.18,0.04,-0.47,0.61,-1.97,-1.42,2.04,0.47,1.29,0.21,0.41,0.209248081
2005m04,-0.95,-11.09,-4.68,-5.6,-4.47,-2,-5.29,3.95,2.13,-2.61,-3.98,0.07,0.97,-0.94,0.21,-0.69,0.097762387
2005m05,2.34,8.84,2.91,2.07,8.2,1.54,6.43,1.48,1.66,3.65,2.79,-0.64,-1,0.3,0.24,0.45,0.331576682
2005m06,-1.68,2.1,-1.16,5.76,-1.64,0.14,2.43,-0.59,5.56,0.57,3.28,2.83,0.96,-0.51,0.23,2.05,0.878812789
2005m07,2.61,5.41,5.83,6.14,6.16,3.09,5.82,3.72,2.98,3.92,2.81,-0.79,-1.19,-0.82,0.24,0.06,0.422540408
2005m08,0.01,-2.87,-1.36,5.7,-0.36,-1.25,-5.62,-0.31,1.25,-1.22,-0.89,1.32,-2.05,0.37,0.3,2.08,0.102373351
2005m09,0.13,-5.15,0.84,7.26,0.65,-1.47,-1.8,-1.92,4.38,0.49,-0.34,0.71,0.27,-0.6,0.29,3.43,0.384000143
2005m10,-1.92,-4.38,-2.48,-10.16,-1.78,-2.98,1.56,-3.27,-6.85,-2.02,-1.45,0.42,-0.93,-1.3,0.27,-1.39,0.542482699
2005m11,1.16,2.22,5.33,1.01,6.47,2.63,3.96,1.58,-0.22,3.61,0.84,-1.16,-0.76,-1.14,0.31,0.35,0.609138529
2005m12,0.23,-0.64,1.44,0.49,-1.91,-1.66,-0.59,2.39,1.24,-0.25,-0.2,0.2,0.21,0.23,0.32,0.77,0.125376568
2006m01,0.11,5.85,5.18,12.54,4.08,3.82,2.01,2.17,3.03,3.04,5.75,1.08,-0.64,-0.46,0.35,2.53,0.174420738
2006m02,1.27,-0.45,1.03,-8.14,-0.99,3.33,1.41,1.07,0.22,-0.3,-0.42,-0.34,-0.51,1.91,0.34,-1.84,0.930383879
2006m03,1.33,2.75,3.04,4,2.86,1.82,2.43,-0.96,-3.64,1.46,3.38,0.6,0.06,-0.41,0.37,1.26,0.469016081
2006m04,1.17,0.34,4.06,4.67,-1.15,1.68,-1.58,-1.96,1.85,0.73,-0.84,2.34,1.8,0.01,0.36,0.64,0.175758742
2006m05,1.68,0.68,-3.37,-3.46,-6.9,-0.22,-1.88,-2.18,1.5,-3.57,-2.85,2.41,1.15,1.46,0.43,-3.7,0.966728612
2006m06,0.3,1.77,-0.49,2.73,-1.44,2.96,0.29,-0.12,2.41,-0.35,-0.24,0.85,1.32,-0.07,0.4,1.54,0.617097706
2006m07,3.5,-3.01,-3.65,5.11,-3.79,2.42,-4.29,4.14,4.83,-0.78,-3.63,2.6,1.63,0.9,0.4,-2.12,0.322174677
2006m08,3.08,2.37,2.05,-3.29,7.42,2.28,2.22,2.33,2.28,2.03,0.44,-2.06,-1.86,2.09,0.42,-3.38,0.527537845
2006m09,-0.62,4.28,1.89,-3.82,3.57,3.66,5.69,1.53,-2.11,1.84,-1.46,0.08,0.82,0.6,0.41,-0.96,0.657858505
2006m10,2.8,4.98,4.42,5.16,4.05,5.19,3.96,1.71,5.36,3.23,1.98,-0.31,-0.12,0.28,0.41,-0.2,0.402279104
2006m11,1.41,1.78,3.54,8.6,3.01,0.63,-1.28,0.06,3.06,1.71,0.71,0.14,0.15,-0.8,0.42,-1.03,0.247177177
2006m12,2,-0.77,0.51,-1.93,-0.99,4.33,1.45,0.15,0.73,0.87,-0.81,2.73,-0.72,2.06,0.4,0.79,0.166301907
2007m01,1.52,2.85,3.17,-1.34,2,3,3.65,3.5,0.51,1.4,0.07,-0.68,0.25,0.38,0.44,0.24,0.432903921
2007m02,-1.53,-0.48,0.77,-2.11,-2.34,-2.77,-0.59,-2.85,4.14,-1.96,1.29,-0.14,-0.51,-0.71,0.38,-1.35,0.062583849
2007m03,2.62,-1.04,1.61,5.88,0.86,2.32,0.75,-0.25,4.33,0.68,0.2,-0.97,0.64,-0.65,0.43,2.56,0.955076086
2007m04,3.62,6.21,4.41,5.14,4.89,1.74,2.29,6.8,3.94,3.49,-2.04,-1.45,1.15,1.03,0.44,-0.24,0.115014118
2007m05,2.89,3.19,4.78,7.13,3.93,7.31,2.36,1.14,1.2,3.24,0.4,-0.65,1.58,-1.36,0.41,-0.34,0.132401733
2007m06,-1.06,1.87,-0.68,0.87,0.52,-1.8,-1.97,-3.4,-4.83,-1.96,0.74,-1.05,0.53,0.08,0.4,0.51,0.544357725
2007m07,-4.19,-5.81,-0.01,-1.12,-1.06,-3.1,-5.35,-3.99,-3.72,-3.73,-2.99,-3.71,0.2,-1.13,0.4,2.94,0.882207281
2007m08,1.83,-1.73,0.67,0.29,2.91,-0.86,1.52,2.27,1.84,0.92,-0.37,-1.86,-1.21,-0.53,0.42,0.1,0.711412364
2007m09,3.95,1.74,5.44,7.86,4.21,2.05,-0.63,3.53,3.54,3.22,-2.44,-2.21,-0.52,-3.02,0.32,4.63,0.825341107
2007m10,2.16,1,0.98,2.81,6.82,-2.17,1.18,1.54,6.83,1.8,-0.08,-2.98,-0.3,-0.09,0.32,5.02,0.776223487
2007m11,0.85,-9.02,-2.65,-4.36,-7.53,-6.43,-3.75,0.03,-0.72,-4.83,-3.02,-0.94,1.89,-0.29,0.34,0.99,0.242935391
2007m12,-1.01,-2.19,1,7.68,1.49,-0.25,-2.67,-3.98,0.9,-0.87,0.15,-0.55,0.87,-1.05,0.27,6.63,0.531589705
2008m01,-5.2,-5.4,-7.43,-9.08,-12.37,-7.75,-0.49,-4.6,-6.93,-6.36,-0.65,3.97,2.14,2.14,0.21,-7.75,0.472430141
2008m02,-0.06,-5.97,0.74,6.87,-3.58,-3.88,-4.65,-0.93,-3.02,-3.09,-0.66,-0.84,0.88,-0.93,0.13,6.1,0.632963441
2008m03,1.21,-4.13,-0.1,-2.94,0.66,-0.05,1.86,-1.77,0.81,-0.93,0.56,0.3,0.79,0.5,0.17,4.27,0.178880963
2008m04,-1.08,6.6,5.04,10.7,6.46,4.69,5.01,0.44,6.39,4.6,-1.2,-0.94,1.64,-2.47,0.18,-0.31,0.607073859
2008m05,3.32,1.36,3.3,4.23,5.68,4.73,1.18,1.63,3.58,1.86,3.02,-1.43,0.93,-0.06,0.18,3.31,0.791276388
2008m06,-7.42,-19.56,-9.25,2.76,-8.83,-10.89,-8.08,-3.01,-0.4,-8.44,1.18,-2.71,4.96,-0.55,0.17,12.75,0.54878373
2008m07,2.25,-0.23,-0.28,-15.67,-0.53,-3.18,1.14,6.73,-7.13,-0.77,3.72,5.42,-1.37,1.08,0.15,-5.13,0.830469884
2008m08,1.72,1.76,1.42,-0.03,2.39,4,5.38,1.8,-0.43,1.53,3.46,1.59,1.86,0.84,0.13,-4.02,0.613539588
2008m09,-2.93,-9.19,-13.48,-12.1,-12.44,-12.61,-5.77,-5.96,-11.94,-9.24,0.25,5.91,2.41,1.78,0.15,0.28,0.995674108
2008m10,-13.02,-33.18,-20.75,-16.67,-18.33,-15.56,-15.13,-11.03,-11.12,-17.23,-3.34,-2.3,3.04,2.05,0.08,7.85,0.766340891
2008m11,-5.47,-10.3,-7.76,0.22,-10.9,-1.58,-7.69,-7.35,1.23,-7.86,-3.89,-6.31,4.53,2.75,0.03,7.17,0.201280574
2008m12,0.86,0.3,1.37,-2.42,2.17,3.46,4.88,6.74,-2.04,1.74,3.29,0.14,0.06,-1.49,0,-5.09,0.458834132
2009m01,-5.13,-13.78,-9.14,-3.53,-3.23,-10.28,-7.6,-2.21,-0.82,-8.12,-2.14,-11.29,0.18,-1.17,0,-2.18,0.898921729
2009m02,-7.65,-12.27,-13.49,-12.46,-5.06,-6.94,-3.06,-9.95,-12.59,-10.1,-1.32,-6.95,1.19,-1.02,0.01,4.41,0.012735815
2009m03,6.42,11.95,7.61,3.95,11.5,7.51,9.95,7.06,2.79,8.95,0.67,3.47,-2.52,-2.25,0.02,-11.87,0.614482244
2009m04,4.96,45.52,17.33,4.53,12.27,9.66,9.53,-0.9,2.09,10.18,7.13,5.36,1.31,0.13,0.01,-34.3,0.993158322
2009m05,7.16,-3.65,5.49,10.37,3.03,1.05,-0.94,6.2,4.63,5.21,-2.32,0.28,-0.78,-2.17,0,-12.49,0.325763628
2009m06,0.65,4.31,-1.71,-4.75,4.55,1.65,-0.29,3.59,4.63,0.43,2.29,-2.73,-1.41,-0.33,0.01,5.48,0.750228285
2009m07,7.31,19.73,11.32,5.33,8.12,5.52,6.76,5.49,4.41,7.72,2.39,4.83,-0.46,3.14,0.01,-5.55,0.672871795
2009m08,0.74,2.45,2.97,0.79,2.27,0.73,3.7,2.21,0.25,3.33,-0.09,7.63,-3.02,3.34,0.01,-9.07,0.125801956
2009m09,4.21,2.14,6.52,5.07,5.22,6.48,2.4,2.39,2.24,4.08,2.73,1.05,1.31,0.36,0.01,-4.79,0.849246012
2009m10,-0.62,-0.63,-2.85,2.45,-1.52,-3.48,0.05,-3.72,-2.71,-2.59,-4.93,-4.21,4.17,-1.51,0,2.61,0.303436925
2009m11,3.86,10.36,7.6,3.26,4.85,6.52,5.01,8.23,4.57,5.56,-2.68,-0.34,1,0.12,0,0.3,0.548928781
2009m12,2.64,5.69,2.88,-0.5,5.99,6.42,1.95,2.47,5.86,2.75,6.24,-0.17,1.02,-0.09,0.01,3.01,0.302661309
2010m01,-2.4,-0.43,-3.32,-4.84,-7.84,-6.72,-1.84,-0.02,-4.44,-3.36,0.34,0.43,-1.27,0.46,0,-5.4,0.047673202
2010m02,2.66,7.39,5.21,2.61,4.81,2.76,4.3,0.38,-0.42,3.4,1.51,3.23,-0.27,1.43,0,3.74,0.749594678
2010m03,5.89,9.35,6.52,3.23,6.69,7.63,6.26,3.63,3.12,6.31,1.85,2.21,-0.65,1.69,0.01,3.76,0.382527008
2010m04,-1.02,7.26,3.19,4.05,2.28,3.41,2.55,-2.18,2.85,2,4.98,2.89,0.69,1.72,0.01,3.16,0.482242076
2010m05,-5.73,-9.06,-8.42,-10.27,-7.78,-5.86,-5.36,-8.06,-6.29,-7.89,0.04,-2.44,1.3,-0.21,0.01,-0.25,0.370566664
2010m06,-1.9,-10.67,-5.8,-6.36,-6.17,-3.84,-9.06,-1.67,-0.7,-5.57,-2.47,-4.7,-0.16,-1.55,0.01,-2.76,0.903072114
2010m07,7.36,15.72,9.66,7.69,7.31,9.53,4.61,2.14,6.81,6.93,0.12,-0.31,0.24,2.01,0.01,1.88,0.913267826
2010m08,-1.17,-9.67,-5.49,-3.43,-6.53,-1.99,-3.97,-1.66,0.37,-4.77,-3.15,-1.9,0.53,-1.59,0.01,-0.06,0.199974993
2010m09,6.14,13.52,10.09,9.21,12.56,7.87,12.15,9.01,3.65,9.54,3.75,-3.16,-0.21,0.38,0.01,1.41,0.287635354
2010m10,4.34,8.49,5.12,4.59,6.41,4.57,2.42,1.98,1.86,3.88,0.8,-2.43,1.19,-0.26,0.01,1.58,0.89517211
2010m11,-0.07,7.47,1.43,5.52,-0.74,-1.89,4.17,-3.34,-1.33,0.6,3.67,-0.96,0.45,1.59,0.01,2.66,0.629312534
2010m12,4.35,8.61,7.01,9.41,5.99,6.58,3.23,5.44,3.22,6.82,1.03,3.7,-3.44,3.16,0.01,-3.03,0.760318665
2011m01,-2.37,0.3,2.98,6.93,3.93,0.07,-0.86,-0.72,2.2,1.99,-2.43,0.83,-0.76,0.83,0.01,-0.29,0.030837388
2011m02,4.72,-1.78,3.42,7.63,2.42,7.4,2.26,3.32,2.43,3.49,1.65,1.27,-1.94,0.88,0.01,1.99,0.446741456
2011m03,3.02,1.74,1.86,2.1,-1.45,1.68,1.1,2.29,0.92,0.46,2.62,-1.83,1.76,-0.03,0.01,3.4,0.868987241
2011m04,4.61,2.22,2.96,1.59,3.14,3.3,4.51,6.34,4,2.9,-0.55,-2.43,1.01,-0.8,0,0.04,0.168738346
2011m05,2.04,-3.54,-2.17,-4.52,-1.75,0.77,0.88,1.95,1.32,-1.27,-0.63,-2.12,2.08,-1.59,0,-0.62,0.43460762
2011m06,-1.08,-1.06,-0.61,-2.34,-2.46,-1.39,-0.89,-1.88,-0.34,-1.75,0.16,-0.42,2.49,-1.53,0,1.78,0.801722183
2011m07,-0.42,-8.93,-4.8,0.5,-0.52,-4.95,-0.64,-3.66,-0.33,-2.35,-1.2,-0.9,2.68,-1.81,0,0.18,0.153328187
2011m08,-0.66,-12.08,-6.14,-10.02,-6.79,-5.06,-2.89,-3.16,0.17,-5.99,-3.2,-2.36,3.3,-0.38,0.01,-0.28,0.542696652
2011m09,-4.88,-14.1,-10.97,-12.31,-4.8,-5.77,-3.89,-3.95,-1.61,-7.59,-3.66,-1.72,2.04,0.24,0,-2.42,0.459171971
2011m10,6.29,23.28,14.09,16.24,11.8,7.59,9.77,5.54,6.7,11.35,3.46,0.1,-2.16,-0.86,0,-1.43,0.759321156
2011m11,1.44,-8.02,1.39,2.15,-2,0.3,1.06,1.3,1,-0.28,-0.28,-0.46,1.86,1.49,0,3.84,0.01191054
2011m12,1.89,-1.2,-0.78,-0.36,-1.42,3.13,0.9,3.51,2.93,0.74,-0.33,1.63,0.98,2.52,0,1.81,0.839253374
2012m01,0.39,13.55,6.74,1.03,8.49,2.37,4.07,3.41,-2.71,5.05,2.06,-0.97,-2.01,-1.43,0,-7.91,0.013403065
2012m02,3.93,6.05,3.86,6.49,6.64,4.85,3.12,1.26,1.31,4.42,-1.71,0.43,-0.48,-0.01,0,-0.29,0.055226037
2012m03,3.88,0.94,0.68,-3.27,4.66,2.31,4.66,3.94,1.48,3.11,-0.47,1.14,-0.54,0.74,0,1.3,0.205261939
2012m04,0.81,-7.02,-0.72,-1.57,-2.11,1.75,0.96,0.61,1.73,-0.85,-0.55,-0.78,1.3,0.65,0,3.75,0.865906611
2012m05,-2.67,-8.16,-7.78,-10.56,-7.85,-0.81,-3.05,-3.25,-0.91,-6.19,-0.12,-1.07,2.08,2.31,0.01,6.49,0.455212177
2012m06,3.42,-5.56,1.25,5.78,2.91,7.05,2.17,6.83,3.4,3.89,0.84,0.62,-1.09,0.46,0,-1.06,0.250773083
2012m07,1.38,0.38,0.86,2.82,-0.11,4.14,1.24,1.63,3.62,0.79,-2.78,-0.02,1.1,0.05,0,3.04,0.82889008
2012m08,0.12,4.15,3.26,2.37,4.8,0.97,2.75,0.98,-3.44,2.55,0.44,1.3,-1.33,-0.84,0.01,-2.37,0.999987476
2012m09,0.89,3.57,1.66,3.82,1.24,4.86,1.95,4.69,2.11,2.73,0.61,1.6,-1.49,1.55,0.01,-1.14,0.243859835
2012m10,-1.71,5.88,-0.62,-1.88,-6.34,-2.4,-1.02,-1.91,1.09,-1.76,-0.89,3.59,-1.34,2.5,0.01,0.14,0.735291839
2012m11,3.22,3.12,2.66,-1.5,1.46,0.07,1.46,1.5,-3.76,0.78,0.46,-0.84,0.6,0.84,0.01,0.49,0.882967986
2012m12,-2.28,7.31,2.76,1.33,0.36,1.15,-1.12,-0.53,0.08,1.18,1.89,3.51,-1.85,0.91,0.01,-2.86,0.114465889
2013m01,5.1,3.5,6.05,7.47,2.38,4.85,5.58,8.08,5.05,5.57,0.48,0.96,-1.93,1.41,0,-1.79,0.355547312
2013m02,3.19,0.01,1.28,0.68,0.67,2.29,0.85,1.32,2.2,1.29,-0.25,0.11,-0.67,0.52,0,1.29,0.262487409
2013m03,5.06,4.03,2.61,2.07,2.72,5.64,4.72,6.51,5.68,4.03,0.85,-0.19,0.14,1.38,0,1.92,0.604569126
2013m04,3.78,3.65,0.75,-1.39,0.4,4.3,2.69,2.6,5.13,1.55,-2.25,0.45,0.27,0.37,0,0.22,0.0087557
2013m05,-2.31,9.88,3.48,3.05,4.55,-1.8,2.23,1.62,-7.11,2.8,2.06,2.63,-1.97,-0.87,0,-2.02,0.06455525
2013m06,0.11,-0.46,-1.99,-2.39,-2.92,2.09,-0.06,-1.37,0.82,-1.2,1.57,0.03,-0.38,0,0,0.52,0.240283107
2013m07,2.86,9.01,6.15,5.18,5.7,3.42,5.9,8.08,4.58,5.65,1.81,0.57,-1.35,0.51,0,1.76,0.985523931
2013m08,-3.93,-1.02,-1.84,-1.89,-0.2,-3.29,-4.23,-3.68,-4.42,-2.71,-0.06,-2.69,0.66,-2.16,0,0.02,0.28749546
2013m09,1.95,6.47,5.2,1.97,3.83,4.28,4.51,4.16,1.04,3.77,2.63,-1.22,-0.58,-1.36,0,3.06,0.057104098
2013m10,4.81,0.76,4.52,4.78,3.8,5.81,5.11,3.56,3.34,4.18,-1.48,1.25,2.78,0.87,0,0.08,0.303002812
2013m11,1.29,1.88,2.87,0.85,3.58,0.09,3.68,4.49,-1.8,3.13,1.41,0.32,0.14,0.04,0,0.44,0.621016038
2013m12,2.45,1.24,3.11,3.05,3.99,3.97,0.28,0.62,1.79,2.81,-0.45,-0.02,-0.46,0.09,0,0.02,0.740741523
2014m01,-5.75,-3.61,-4.19,-6.89,-1.39,-3.8,-6.45,1.88,2.49,-3.32,0.58,-2.07,-3.88,-1.42,0,1.71,0.902816538
2014m02,3.43,8,5.39,5.66,5.14,2.56,5.35,6.48,3.08,4.65,0.14,-0.31,-0.23,-0.45,0,2.07,0.549475578
2014m03,3.26,-1.13,0.37,2.44,-0.62,0.17,-0.58,-2.56,2.68,0.43,-1.09,4.93,2.13,1.92,0,-3.29,0.352048049
2014m04,1.54,0.33,0.9,5.67,-1.05,0.39,-0.95,-0.41,3.98,-0.19,-4.12,1.17,3.48,1.02,0,-3.89,0.380938313
2014m05,3.47,0.69,1.19,0.88,3.39,4.1,0.98,1.87,0,2.06,-1.89,-0.13,0.05,-1,0,0.87,0.387022455
2014m06,1.16,4.45,1.37,4.12,2.88,1.54,1.29,2.9,5.41,2.61,3.11,-0.7,-1.89,-2,0,0.69,0.159066731
2014m07,-4.34,-4.66,-4.13,-3.55,0.23,0.79,-2.25,-0.3,-6.4,-2.04,-4.29,0.03,0.89,0.52,0,-0.12,0.793995096
2014m08,5.56,5.19,4.81,2.31,4.24,0.32,5.01,5.54,5.31,4.24,0.31,-0.45,-0.64,-0.7,0,0.82,0.555184465
2014m09,-0.1,-9.41,-2.54,-7.83,-1.35,-1.44,-1.44,-0.22,-3.37,-1.97,-3.72,-1.34,1.3,-0.51,0,0.5,0.509831108
2014m10,2.67,3.72,2.38,-4.19,1.46,1.31,3.06,5.9,6.71,2.52,3.73,-1.81,-0.57,-0.11,0,-0.06,0.261502706
2014m11,4.74,4.73,2.25,-9.59,4.3,2.46,7.57,2.52,0.26,2.55,-2.28,-3.09,1.5,0.27,0,0.69,0.46273988
2014m12,-2.41,0.6,-0.11,0.54,-1.2,-2.04,1.6,-0.82,1.86,-0.06,2.86,2.27,-1.22,0.96,0,1.12,0.7755657
2015m01,-0.55,-4.36,-3.75,-4.31,-3.49,-4.47,-0.25,1.59,1.24,-3.11,-0.92,-3.58,1.61,-1.65,0,3.84,0.746128665
2015m02,5.13,8.18,6.14,4.73,8.25,8.91,5.56,4.24,-4.35,6.13,0.32,-1.86,-1.12,-1.82,0,-2.82,0.585881831
2015m03,-2.44,-0.46,-2.06,-2.49,-2.47,-2.11,0.69,0.76,-0.32,-1.12,3.07,-0.37,0.09,-0.52,0,2.74,0.221398764
2015m04,0.85,-1.01,-0.71,6.67,1.44,3.6,-2.19,-1.42,0.28,0.59,-3.09,1.82,0.06,-0.61,0,-7.27,0.898370698
2015m05,1.49,1.04,0.89,-5.1,1.99,0.33,0.94,4.91,-0.46,1.36,0.83,-1.14,-1.79,-0.74,0,5.82,0.508419711
2015m06,-1.34,-1.65,-1.97,-3.77,-3.58,-0.52,-0.57,0.16,-5.29,-1.53,2.9,-0.79,0.44,-1.58,0,3.01,0.663183124
2015m07,4.96,-2.09,-2.06,-8.93,2.38,1.55,4.91,3.49,2.65,1.54,-4.55,-4.13,0.3,-2.41,0,9.98,0.068927738
2015m08,-4.11,-6.14,-5.62,-3.64,-5.79,-8.38,-5.37,-8.37,-4.06,-6.04,0.25,2.77,0.68,1.19,0,-2.09,0.062707737
2015m09,-0.56,-3.3,-4.26,-5.74,-1.48,-2.49,-1.79,-6.95,-0.5,-3.07,-2.79,0.56,1.77,-0.58,0,5.22,0.367622763
2015m10,6.8,6.78,9.42,12.17,10.18,9.07,4.51,7.5,2.09,7.75,-2.07,-0.46,0.88,0.52,0,-3.28,0.742757521
2015m11,-0.91,1.94,0.43,1.06,1.25,-2.02,0.91,0.57,-3.44,0.56,3.31,-0.42,-2.75,-0.99,0,2.28,0.429857772
2015m12,0.78,-3.99,-2.58,-9.61,-2.63,-2.97,0.31,0.29,-2.36,-2.17,-2.99,-2.61,0.5,-0.02,0.01,3.36,0.68532085
2016m01,0.17,-12.63,-5.72,-4.36,-6.12,0.34,-4.18,-10.13,4.67,-5.77,-3.47,2.09,2.82,3.08,0.01,1.44,0.413825801
2016m02,0.59,4.09,3.35,-2.95,-0.86,0.95,0.07,-0.98,1.75,-0.07,0.88,-0.57,3.25,2.02,0.02,-4.38,0.814947197
2016m03,5,10.8,6.9,10.89,8.35,6.13,5.72,3.96,7.86,6.96,1.07,1.19,0.77,-0.08,0.02,-5.01,0.985583696
2016m04,0.3,1.52,2.32,9.17,-4.1,0.67,-0.64,4.95,-0.8,0.91,1.23,3.28,-2.97,1.9,0.01,-6.02,0.329808963
2016m05,0.73,-1.2,-0.52,-0.59,5.07,0.29,0.98,2.41,2.24,1.78,-0.61,-1.66,-1.09,-2.48,0.01,1.42,0.509507929
2016m06,4.73,-5.8,0.92,2.55,-1.77,3.57,0.88,-0.16,7.42,-0.05,0.45,-1.48,1.4,1.94,0.02,4.13,0.097749449
2016m07,-0.06,8.81,4.07,-2.73,7.63,2.24,3.51,6.16,-0.26,3.95,2.48,-1.32,1.26,-1.18,0.02,-3.34,0.126027804
2016m08,-0.61,0.19,1.48,1.61,1.8,-3.17,-1.42,-3.14,-3.77,0.49,1.68,3.18,-1.85,-0.34,0.02,-3.49,0.869791908
2016m09,-2.48,-1.66,-0.09,2.83,2.3,0.48,-0.67,0.58,1.83,0.25,1.85,-1.24,-2.21,0.03,0.02,0.19,0.988602529
2016m10,-0.18,-3.56,-2.58,-2.96,-1.14,-3.03,-3.97,-7.52,-0.67,-2.02,-4.02,4.09,0.93,0.28,0.02,0.59,0.347633454
2016m11,-3.87,7.49,6.29,9.57,0.62,6.55,4.39,2.4,-2.64,4.86,7.07,8.21,-0.18,3.7,0.01,-4.62,0.405085663
2016m12,3.46,4,0.5,1.97,0.95,4.88,-0.4,0.72,3.61,1.82,0.41,3.53,1.22,-0.23,0.03,-0.26,0.009359866
2017m01,1.69,2.94,3.35,-4.29,4.58,3.36,1.03,2.03,1.07,1.94,-1.46,-2.75,-0.49,-0.99,0.04,-0.93,0.936566827
2017m02,3.75,0.62,4.16,-2.46,4.89,-0.03,2.82,7,3.98,3.57,-2.22,-1.67,0.47,-1.83,0.04,-1.65,0.423731167
2017m03,0.88,0.23,0.13,-1.19,2.09,0.92,0.81,0.04,0.37,0.17,0.74,-3.35,0.61,-0.94,0.03,-1.02,0.74819732
2017m04,0.51,1.85,1.86,-2.74,2.61,0.17,2.7,0.91,0.33,1.09,0.48,-2.13,1.9,-1.6,0.05,0.48,0.210628401
2017m05,3.23,-0.36,1.29,-3.36,4.23,-1.4,1.65,-0.26,2.43,1.06,-3.06,-3.78,0.95,-1.79,0.06,1.48,0.056631081
2017m06,-1.06,3.59,1.21,-0.15,-2.04,-2.45,-1.94,5.54,-1.91,0.78,2.58,1.48,-2.22,0,0.06,-0.09,0.645746942
2017m07,-0.13,-1.19,2.18,2.06,3.67,5.27,0.16,0.7,2.99,1.87,-1.69,-0.31,-0.64,-0.2,0.07,1.69,0.520839018
2017m08,-1.75,-0.02,0.34,-5.09,3.01,-2.47,-1.63,2.59,2.17,0.16,-1.82,-2.09,0.14,-2.38,0.09,3.3,0.364924801
2017m09,-0.4,5.29,4.22,10.93,0.68,-1.51,2.42,2.09,-1.95,2.51,4.78,3.14,-1.47,1.69,0.09,-1.33,0.193320694
2017m10,0.08,1.2,2.78,0.5,6.93,-5.55,2.78,-2.26,3.02,2.25,-1.94,0.2,0.93,-3.25,0.09,4.27,0.748212951
2017m11,4.07,-0.65,3.46,2.95,1.04,4.07,8.04,2.46,2.42,3.12,-0.33,-0.03,3.16,-0.05,0.08,-0.92,0.133215909
2017m12,2.01,-0.87,2.29,5.01,-0.16,4.48,2.44,-0.15,-4.98,1.06,-1.07,0.06,0.74,1.69,0.09,-1.54,0.078197757
2018m01,1.93,2.66,4.1,2.8,7.85,3.16,9.41,6.38,-2.81,5.57,-3.18,-1.29,-0.76,-0.96,0.12,4.05,0.798030046
2018m02,-6.22,-6.08,-4.04,-10.75,-0.09,-7.05,-4.64,-3.49,-4.54,-3.65,0.32,-1.04,0.52,-2.37,0.11,3.55,0.196685199
2018m03,-1.08,-5.74,-2.24,3,-3.17,-2.54,-2.52,-2.41,3.17,-2.35,3.59,-0.21,-0.46,0.01,0.11,-1.13,0.000326165
2018m04,-3.98,-0.07,-3.42,10.05,-0.21,-2.28,3.93,-0.04,2.78,0.28,0.93,0.54,-2.42,1.3,0.14,0.37,0.639788921
2018m05,-0.56,2.97,2.52,3.41,6.81,-0.83,0.87,2.37,0.22,2.65,4.73,-3.2,-2.04,-1.5,0.14,3.87,0.892056524
2018m06,4.55,0.88,-1.01,0.53,-0.4,6.43,3.03,1.48,2.61,0.48,0.8,-2.34,0.79,0.24,0.14,-2.36,0.054146569
2018m07,2.86,-1.63,5.25,1.09,2.45,2.71,3.22,5.92,1.69,3.19,-1.93,0.47,1.56,0.35,0.16,-1.42,0.061029662
2018m08,-1.15,-0.72,-0.35,-2.84,7.2,2.91,8.04,4.5,0.93,3.44,0.64,-3.94,-0.31,-2.7,0.16,5.28,0.759505468
2018m09,0.72,-3.95,1.31,3.37,-0.14,1.77,0.6,2.08,-0.56,0.06,-2.48,-1.7,0.63,1.29,0.15,0.04,0.560246375
2018m10,-0.24,-2.86,-9.92,-11.92,-8.77,-0.43,-8.78,-8.79,-0.07,-7.68,-4.46,3.4,0.94,3.59,0.19,-2.08,0.941147864
2018m11,0.48,5.33,4.64,-2.2,-1.53,2.53,2.47,6.42,3.28,1.69,-0.77,0.3,-0.55,0.39,0.18,-1.37,0.196566921
2018m12,-11.29,-11.37,-8.74,-13.04,-8.14,-8.7,-9.06,-8.25,-4.76,-9.57,-2.88,-1.84,-0.02,0.21,0.2,2.11,0.981191896
2019m01,7.29,10.54,9.72,10.33,9.29,5.44,8.2,5.32,5.42,8.4,3.03,-0.46,-0.8,-1.51,0.21,-8.66,0.758806474
2019m02,1.34,3.75,5.19,2.47,5.76,3.23,0.68,3.3,3.56,3.4,1.74,-2.67,0.12,-1.59,0.18,0.85,0.142624554
2019m03,3.66,-5.36,-0.85,2.02,3.78,0.45,3.43,0.5,3.33,1.1,-3.51,-4.17,0.9,-0.95,0.19,2.21,0.873819573
2019m04,3.13,3.33,4.05,0.22,5.85,6.02,4.63,-3.16,1,3.97,-1.17,2.15,1.61,-2.22,0.21,-2.98,0.405292588
2019m05,-5.62,-12.43,-9.16,-11.83,-8.44,-3,-6.04,-3.4,-1.55,-6.94,-1.59,-2.37,-0.46,1.77,0.21,7.57,0.413262766
2019m06,4.92,13.15,8.07,8.83,8.03,5.14,7.14,6.83,3.64,6.93,0.37,-0.71,0.9,-0.44,0.18,-2.25,0.546431876
2019m07,1.75,1.03,0.94,-2.68,3.47,2.05,0.91,-2.18,-1.01,1.19,-1.78,0.48,-0.08,0.36,0.19,2.89,0.762233579
2019m08,-1.38,-4.76,-1.69,-8.74,-2.57,0.29,0.12,-0.64,3.44,-2.58,-3.24,-4.78,0.56,-0.68,0.16,7.03,0.821578435
2019m09,1.87,3.69,3.85,3.68,1.17,1.23,0.86,-0.98,3.93,1.43,0.27,6.75,1.84,3.37,0.18,-6.81,0.349877984
2019m10,0.07,7.15,0.08,-2.07,3.19,2.16,0.78,4.68,-1.39,2.06,0.26,-1.91,0.44,-0.96,0.16,0.15,0.764233238
2019m11,2.18,2.69,3.28,1.16,5.23,2.49,2.16,5.61,-2.14,3.87,0.44,-2.02,-1.59,-1.24,0.12,-2.63,0.797322668
2019m12,3.5,5.49,1.36,6.2,3.78,1.02,1.32,3.46,4.11,2.77,0.97,1.75,0.01,1.24,0.14,-1.83,0.934014046
2020m01,-0.35,6.5,-2.74,-11.88,3.36,-2.1,1.02,-1.99,4.83,-0.11,-4.38,-6.25,-1.17,-2.32,0.13,5.98,0.020311057
2020m02,-8.67,-7.16,-8.6,-15.3,-6.92,-6.21,-6.83,-5.36,-9.85,-8.13,0.04,-3.81,-1.47,-2.51,0.12,-0.39,0.563146181
2020m03,-11.38,-22.8,-16.92,-34.47,-9.86,-13.32,-7.6,-5.09,-12.94,-13.39,-8.28,-13.87,-1.57,1.24,0.13,7.97,0.031056571
2020m04,8.05,26.15,10.87,32.36,15.32,9.53,18.05,13.48,5.08,13.65,2.56,-1.33,2.72,-1,0,-5.24,0.66531956
2020m05,3.26,7.35,5.8,0.52,7.97,4.79,4.33,4.15,4.6,5.58,1.97,-4.88,0.95,-3.26,0.01,0.4,0.172659791
2020m06,0.01,14.7,2.58,-0.4,5.9,-2.6,4.28,-1.45,-5,2.46,1.96,-2.2,0.09,0.54,0.01,-0.75,0.620595739
2020m07,5.86,19.07,4.57,-4.77,6.97,5.04,9.47,4.39,6.35,5.77,-3.2,-1.41,0.41,1.02,0.01,7.63,0.902207168
2020m08,4.45,41.97,6.18,-1.08,10.43,5.6,8.15,2.35,-2.24,7.63,-0.89,-2.97,4.28,-1.19,0.01,0.55,0.020129444
2020m09,-2.07,-9.2,-0.16,-14.9,-5.2,-1.98,-3.86,-1.46,-0.32,-3.63,0.01,-2.71,-1.36,-1.85,0.01,3.14,0.340554007
2020m10,-2.69,-3.38,-0.72,-4.5,-1.88,-3.85,-2.64,-4.4,4.47,-2.1,4.64,4.25,-0.83,-0.78,0.01,-3.04,0.354158053
2020m11,10.02,34.48,13.94,28.49,10.8,14.48,8.32,9.86,2.68,12.47,7.12,2.09,-2.2,1.39,0.01,-12.45,0.101652462
2020m12,4.91,15.63,2.53,6.27,5.14,5.24,1.4,4.7,0.63,4.63,4.79,-1.51,-1.96,-0.12,0.01,-2.46,0.020099949
2021m01,-4.15,11.83,-2.35,4.67,0.59,-3.52,-0.16,3.43,-0.44,-0.03,6.94,3.01,-3.78,4.94,0.01,4.5,0.676770543
2021m02,1.32,-8.3,5.54,23.36,1.57,4.24,-1.67,-1.28,-4.57,2.78,4.54,7.15,0.39,-1.94,0,-7.85,0.997502825
2021m03,7.27,0.69,7.73,2.25,0.72,1.62,5.7,-0.08,10.37,3.08,-0.88,7.39,6.37,3.42,0,-6.18,0.192059803
2021m04,3.32,4.32,2.47,0.72,6.41,3.06,7.18,2.97,3.97,4.93,-3.16,-0.95,2.44,-2.7,0,1.16,0.302884461
2021m05,1.97,-5.46,2.76,6.16,-0.85,-0.58,-2.25,-0.11,-1.16,0.29,1.22,7.09,2.45,3.04,0,0.84,0.508823961
2021m06,-0.8,5.68,-1.01,5.51,6.92,0.02,2.82,4.39,-1.41,2.75,-0.34,-7.87,-2.14,-0.94,0,2.18,0.242589417
2021m07,0.21,-0.96,1.33,-8.58,3.38,0.33,0.26,2.92,2.97,1.27,-4.61,-1.78,5.46,-0.52,0,-2.28,0.633369442
2021m08,-0.28,1.78,0.55,-1.19,4.65,1.34,2.38,2.85,3.23,2.91,-0.68,-0.15,-0.28,-1.79,0,2.45,0.257553988
2021m09,-4.56,2.8,-5.79,10.99,-6.22,-5.58,-4.2,-6.01,-4.86,-4.37,1.12,5.08,-1.95,2.1,0,1.49,0.107845062
2021m10,3.74,30.86,4.99,10.33,7.8,-4.23,4.97,2.25,5.11,6.65,-2.7,-0.49,1.66,-1.45,0,3.2,0.704639051
2021m11,-3.87,2.04,-0.69,-5.35,0.99,-7.18,1.5,-4.29,-1.96,-1.55,-1.77,-0.45,7.2,1.73,0,0.89,0.978724646
2021m12,8.06,-4.69,5.81,3.1,1.79,3.91,1.36,6.62,8.55,3.1,-0.8,3.26,4.91,4.4,0.01,-2.6,0.243128349
2022m01,-0.66,-10.31,-5.84,17.43,-8.34,-1.91,-8.95,-8.77,-2.1,-6.25,-4.06,12.75,0.85,7.73,0,-2.58,0.322379267
2022m02,-0.56,-7.08,-1.23,8.27,-4.98,0.27,-1.52,-1,-1.1,-2.29,2.92,3.09,-2.09,3.12,0,1.77,0.100897958
2022m03,0.43,15.05,0.92,9.72,3.29,-2.44,3.02,5.13,9.67,3.05,-2.17,-1.81,-1.52,3.15,0.01,2.97,0.310302216
2022m04,2.26,-16.96,-5.3,-1.24,-12.6,-10.63,-9.93,-6.88,-3.71,-9.46,-0.39,6.16,3.52,5.89,0.01,4.89,0.545799478
2022m05,-1.63,-9.04,-0.38,15.57,-2.09,8.62,-4.09,0.96,4.79,-0.34,-0.06,8.39,1.56,3.97,0.03,2.45,0.76894539
2022m06,-3.91,-11.89,-9.45,-16.52,-8.31,-6.65,-7.72,-2.01,-6.54,-8.43,1.3,-5.97,1.81,-4.69,0.06,0.75,0.479150519
2022m07,4.15,27.65,8.37,10.43,11.77,-0.04,14.65,2.77,6.3,9.57,1.83,-4.05,0.82,-6.84,0.08,-3.95,0.114995203
2022m08,-1.82,-5.81,-3.48,3.32,-5.25,-2.86,-3.14,-5.03,0.15,-3.77,1.52,0.29,-4.75,1.29,0.19,2.04,0.404879924
2022m09,-8.35,-6.55,-11.54,-9.14,-11.42,-13.85,-7.63,-1.91,-11.62,-9.35,-1.05,0.05,-1.51,-0.8,0.19,3.52,0.347149868
2022m10,9.98,-6.61,12.21,23.61,5.02,10.58,4.25,8.8,3.51,7.83,1.9,8.02,3.34,6.63,0.23,3.96,0.413644421
2022m11,5.3,-8.1,9.03,0.99,5.28,2.15,3.85,5.35,6.78,4.6,-2.73,1.39,6.38,3.18,0.29,-1.97,0.276794525
2022m12,-2.66,-28.07,-2.35,-4.17,-7.92,-6.81,-7.97,-1.74,-1.21,-6.41,-0.16,1.36,0.26,4.21,0.33,4.55,0.260028052
2023m01,-0.37,29.03,5.93,2.82,9.71,13.53,9.74,-1.03,-1.24,6.65,4.4,-4.02,-2.43,-4.47,0.35,-16.02,0.178628868
2023m02,-2.18,11,-1.85,-6.84,-0.25,-6.5,-4.65,-4.29,-5.32,-2.58,0.66,-0.81,1.01,-1.33,0.34,0.16,0.630693358
2023m03,3.13,-0.62,0.37,-0.32,10.33,-0.13,3.49,2.49,3.89,2.51,-6.94,-8.86,2.24,-2.37,0.36,-2.47,0.302225968
2023m04,3.16,-15.24,-0.58,2.59,0.26,0.99,2.19,4.12,1.72,0.61,-2.56,-0.04,2.42,2.86,0.35,1.62,0.620550346
2023m05,-5.35,13.52,-5.54,-9.51,8.23,-9.4,0.62,-3.67,-5.82,0.35,-0.38,-7.72,-1.81,-7.22,0.36,-0.63,0.080330007
2023m06,2.84,24.66,10.69,6.42,5.91,4.63,7.89,4.66,2.61,6.46,1.34,-0.26,2.19,-1.61,0.4,-2.38,0.34347447
2023m07,2.32,2.73,3.19,7.34,4.3,0.98,2.28,-0.11,2.79,3.21,2.86,4.11,-0.57,0.57,0.45,-3.99,0.56197044
2023m08,-3.77,-4.31,-2.37,1.95,-1.68,0.14,-0.4,-0.22,-5.29,-2.39,-3.65,-1.06,3.44,-2.36,0.45,3.77,0.275336326
2023m09,-4.57,-2.58,-7.08,3.17,-5.98,-3.22,-5.68,-4.71,-5.04,-5.24,-1.81,1.51,1.87,-0.82,0.43,0.25,0.948100837
2023m10,-3.53,-17.88,-2.76,-6.24,-1.78,-0.18,0.47,-4.58,1.12,-3.19,-4.05,0.18,2.47,-0.65,0.47,1.75,0.212030934
2023m11,5.02,15.76,8.68,-1.29,11.96,6.97,7.18,5.87,5.08,8.84,-0.11,1.65,-3.92,-1,0.44,2.8,0.887295948
2023m12,3.53,6.61,6.35,0.18,4.7,2.26,5.9,6.9,1.69,4.87,7.33,4.95,-3.07,1.31,0.43,-5.51,0.213468642
2024m01,-1.77,-17.91,-1.22,-0.11,3.04,4.53,1.28,3.52,-3,0.7,-5.74,-2.38,0.69,-0.95,0.47,5.1,0.671075354
2024m02,1.92,7.21,5.26,2.95,6.15,-2.72,9.46,4.63,2.43,5.06,-0.78,-3.49,-1.99,-2.14,0.42,4.92,0.500488471
2024m03,2.99,-5.56,4.48,10.32,2.42,3.08,2.63,2.19,7.03,2.83,-1.16,4.2,1.49,1.17,0.43,-0.4,0.693004128
2024m04,-1.54,-0.96,-3.87,-0.63,-4.39,-6.52,-4.73,-5.86,1.57,-4.67,-2.55,-0.52,1.49,-0.3,0.47,-0.52,0.798567537
2024m05,1.38,-0.75,2.93,-0.49,8.03,3.74,2.45,3.14,8.01,4.34,0.59,-1.33,3.21,-2.87,0.44,-0.03,0.025035454
